1629732	1629733	7	desktop	69	64282	SP	São Paulo	São Paulo (capital e regiäes metropolitanas)-409	0	29	1399.9	1399.9	1399.9	1399.9	4.99	4.99	1404.89	0	0	0		direto	3	0	1399.9	1	4.99
1629735	1629737	7	desktop	69	64282	SP	Adamantina	São Paulo (capital e regiäes metropolitanas)-409	0	29	1399.9	1399.9	1399.9	1399.9	4.99	4.99	1404.89	0	0	0		direto	3	0	1399.9	1	4.99
1629751	1629753	7	desktop	69	64282	SP	Adamantina	São Paulo (capital e regiäes metropolitanas)-409	0	29	1399.9	1399.9	1399.9	1399.9	4.99	4.99	1404.89	0	0	0		direto	3	0	1399.9	1	4.99
1629757	1629758	7	desktop	0	1690470	SP	São Paulo	São Paulo (capital e regiäes metropolitanas)-409	0	29	1399.9	1399.9	1399.9	1399.9	4.99	4.99	1404.89	0	0	0		rtbhouse-284095	3	0	1399.9	1	4.99
1629772	1629773	7	desktop	69	64282	SP	Adamantina	São Paulo (capital e regiäes metropolitanas)-409	0	29	1799.9	1799.9	1799.9	1799.9	4.99	4.99	1804.89	0	0	0		direto	8	0	1799.9	1	4.99
1629787	1629789	7	desktop	0	1690470	SP	São Paulo	São Paulo (capital e regiäes metropolitanas)-409	0	29	1799.9	1799.9	1799.9	1799.9	4.99	4.99	1804.89	0	0	0		direto	8	0	1799.9	1	4.99
1629798	1629800	7	desktop	0	1690470	SP	São Paulo	São Paulo (capital e regiäes metropolitanas)-409	0	29	1799.9	1799.9	1799.9	1799.9	4.99	4.99	1804.89	0	0	0		direto	8	0	1799.9	1	4.99
1629798	1629801	7	desktop	0	1690470	SP	São Paulo	São Paulo (capital e regiäes metropolitanas)-409	0	29	1399.9	1399.9	1399.9	1399.9	4.99	4.99	1404.89	0	0	0		direto	3	0	1399.9	1	4.99
1629807	1629808	7	desktop	69	1690486	SP	São Paulo	São Paulo (capital e regiäes metropolitanas)-409	0	29	1799.9	1799.9	1799.9	1799.9	4.99	4.99	1804.89	0	0	0		direto	8	0	1799.9	1	4.99
1629807	1629809	7	desktop	69	1690486	SP	São Paulo	São Paulo (capital e regiäes metropolitanas)-409	0	29	2090.9	2090.9	2090.9	2090.9	4.99	4.99	2095.89	0	0	0		direto	3	0	2090.9	1	4.99
1629838	1629839	7	mobile	69	1690486	SP	São Paulo	São Paulo (capital e regiäes metropolitanas)-409	0	29	1799.9	1799.9	1799.9	1799.9	4.99	4.99	1804.89	0	0	0		direto	8	0	1799.9	1	4.99
1629858	1629859	7	mobile	69	1690486	SP	São Paulo	São Paulo (capital e regiäes metropolitanas)-409	0	29	2090.9	2090.9	2090.9	2090.9	4.99	4.99	2095.89	0	0	0		direto	3	0	2090.9	1	4.99
1629862	1629864	7	desktop	0	1690470	SP	São Paulo	São Paulo (capital e regiäes metropolitanas)-409	0	29	1799.9	1799.9	1799.9	1799.9	4.99	4.99	1804.89	0	0	0		direto	8	0	1799.9	1	4.99
1629862	1629865	7	desktop	0	1690470	SP	São Paulo	São Paulo (capital e regiäes metropolitanas)-409	0	29	1399.9	1399.9	1399.9	1399.9	4.99	4.99	1404.89	0	0	0		direto	3	0	1399.9	1	4.99
1629886	1629888	3	desktop	81	82608	SP	São Paulo	São Paulo (capital e regiäes metropolitanas)-409	601	6	2.19	2.19	2.19	2.19	4.99	4.99	7.18	0	0	0		direto	3	0	2.19	1	4.99
1630055	1630056	7	desktop	69	82608	PR	Curitiba	Paraná  (capital e regiäes metropolitanas)-359	0	29	10399.2	10399.2	10399.2	10399.2	306.72	306.72	10705.92	0	0	0		direto	3	0	10399.2	8	306.72
1630079	1630081	7	desktop	0	186204	PR	Curitiba	Paraná  (capital e regiäes metropolitanas)-359	0	29	1799.9	1799.9	1799.9	1799.9	4.99	4.99	1804.89	0	0	0		direto	8	0	1799.9	1	4.99
1630200	1630201	7	desktop	69	1690759	SP	São Paulo	São Paulo (capital e regiäes metropolitanas)-409	0	29	1.25	1.25	1.25	1.25	4.99	4.99	6.24	0	0	0		direto	8	0	1.25	1	4.99
1630208	1630210	7	desktop	73	186204	PR	Curitiba	Paraná  (capital e regiäes metropolitanas)-359	601	6	1.25	1.25	1.25	1.25	4.99	4.99	6.24	0	0	0		direto	8	0	1.25	1	4.99
1630208	1630211	7	desktop	73	186204	PR	Curitiba	Paraná  (capital e regiäes metropolitanas)-359	601	6	2.49	2.49	2.49	2.49	36.89	36.89	39.38	0	0	0		direto	3	0	2.49	1	36.89
1631832	1631834	7	desktop	0	1690470	PR	Curitiba	Paraná  (capital e regiäes metropolitanas)-359	0	29	1798.9	1798.9	1798.9	1798.9	4.99	4.99	1803.89	0	0	0		direto	8	0	1798.9	1	4.99
1631832	1631835	7	desktop	0	1690470	PR	Curitiba	Paraná  (capital e regiäes metropolitanas)-359	0	29	1499.9	1499.9	1499.9	1499.9	38.34	38.34	1538.24	0	0	0		direto	3	0	1499.9	1	38.34
1659573	1659574	7	desktop	69	1710645	SC	Aurora	Santa Catarina (interior II)-427	0	29	299.9	299.9	299.9	299.9	22.6	22.6	322.5	0	0	0		direto	7	0	299.9	1	22.6
1659784	1659785	7	desktop	69	1465021	SP	São Paulo	São Paulo (capital e regiäes metropolitanas)-409	0	29	2599	2599	2599	2599	99	99	2698	0	0	0		criteo	9	0	2599	1	99
1659824	1659825	7	desktop	71	64282	PR	Curitiba	Paraná  (capital e regiäes metropolitanas)-359	0	29	299.9	299.9	299.9	299.9	22.6	22.6	322.49	0.01	0	0		pla-255657	7	0	299.9	1	22.6
1659830	1659832	7	desktop	0	1690470	PR	Curitiba	Paraná  (capital e regiäes metropolitanas)-359	0	29	254.9	254.9	254.9	254.9	19.72	19.72	274.62	0	0	0		direto	6	0	254.9	1	19.72
1659830	1659833	7	desktop	0	1690470	PR	Curitiba	Paraná  (capital e regiäes metropolitanas)-359	0	29	999	999	999	999	639	639	1638	0	0	0		direto	9	0	999	1	639
1659830	1659834	7	desktop	0	1690470	PR	Curitiba	Paraná  (capital e regiäes metropolitanas)-359	0	29	119.99	119.99	119.99	119.99	135.19	135.19	255.18	0	0	0		direto	13	0	119.99	1	135.19
1659888	1659889	7	desktop	69	12076	RS	Santa Maria	Rio Grande do Sul (interior)-402	0	29	399.9	399.9	399.9	399.9	39.48	39.48	439.38	0	0	0		direto	7	0	399.9	1	39.48
1659912	1659913	7	desktop	69	1710833	SP	São Paulo	São Paulo (capital e regiäes metropolitanas)-409	0	29	845.8	342.9	845.8	845.8	37.67	37.67	883.47	0	0	0		direto	6	0	342.9	1	22.71
1659912	1659913	7	desktop	69	1710833	SP	São Paulo	São Paulo (capital e regiäes metropolitanas)-409	0	29	845.8	502.9	845.8	845.8	37.67	37.67	883.47	0	0	0		direto	6	0	502.9	1	14.96
1659939	1659940	7	desktop	71	64282	SP	São Paulo	São Paulo (capital e regiäes metropolitanas)-409	0	29	399.9	399.9	399.9	399.9	39.48	39.48	439.38	0	0	0		direto	7	0	399.9	1	39.48
1659953	1659954	7	mobile	69	1465021	SP	São Paulo	São Paulo (capital e regiäes metropolitanas)-409	0	29	399.9	399.9	399.9	399.9	39.48	39.48	439.38	0	0	0		direto	7	0	399.9	1	39.48
1659957	1659959	7	desktop	0	1690470	PR	Curitiba	Paraná  (capital e regiäes metropolitanas)-359	0	29	254.9	254.9	254.9	254.9	19.72	19.72	274.62	0	0	0		direto	6	0	254.9	1	19.72
1659957	1659960	7	desktop	0	1690470	PR	Curitiba	Paraná  (capital e regiäes metropolitanas)-359	0	29	899	899	899	899	459	459	1358	0	0	0		direto	9	0	899	1	459
1659957	1659961	7	desktop	0	1690470	PR	Curitiba	Paraná  (capital e regiäes metropolitanas)-359	0	29	119.99	119.99	119.99	119.99	60.5	60.5	180.49	0	0	0		direto	13	0	119.99	1	60.5
1659962	1659963	7	desktop	71	64282	PR	Araucária	Paraná  (capital e regiäes metropolitanas II)-441	0	29	2399	2399	2399	2399	1149	1149	3548	0	0	0		direto	9	0	2399	1	1149
1659962	1659964	7	desktop	71	64282	PR	Araucária	Paraná  (capital e regiäes metropolitanas II)-441	0	29	399.9	399.9	399.9	399.9	24.95	24.95	424.85	0	0	0		direto	7	0	399.9	1	24.95
1659973	1659974	7	mobile	69	12076	RS	Santa Maria	Rio Grande do Sul (interior)-402	0	29	119.99	119.99	119.99	119.99	60.5	60.5	180.49	0	0	0		direto	13	0	119.99	1	60.5
1660003	1660005	7	desktop	71	64282	PR	Araucária	Paraná  (capital e regiäes metropolitanas II)-441	0	29	899	899	899	899	459	459	1358	0	0	0		direto	9	0	899	1	459
1660037	1660039	7	mobile	71	1710917	PR	Pinhais	Paraná  (capital e regiäes metropolitanas)-359	0	29	299.9	299.9	299.9	299.9	22.6	22.6	322.5	0	0	0		direto	7	0	299.9	1	22.6
1660139	1660140	7	desktop	69	1710645	SC	Aurora	Santa Catarina (interior II)-427	0	29	299.9	299.9	299.9	299.9	22.6	22.6	322.5	0	0	0		direto	7	0	299.9	1	22.6
1660434	1660435	7	desktop	69	1711146	PR	Curitiba	Paraná  (capital e regiäes metropolitanas)-359	0	29	2399	2399	2399	2399	1149	1149	3548	0	0	0		direto	9	0	2399	1	1149
1661055	1661056	3	desktop	81	186204	PR	Curitiba	Paraná  (capital e regiäes metropolitanas)-359	601	6	119.99	119.99	119.99	119.99	60.5	60.5	180.49	0	0	0		direto	13	0	119.99	1	60.5
1661130	1661131	7	desktop	71	64282	SP	Adamantina	São Paulo (capital e regiäes metropolitanas)-409	0	29	899	899	899	899	49.9	49.9	948.9	0	0	0		direto	9	0	899	1	49.9
1661197	1661198	7	desktop	71	64282	PR	Curitiba	Paraná  (capital e regiäes metropolitanas)-359	0	29	119.99	119.99	119.99	119.99	60.5	60.5	180.49	0	0	0		direto	13	0	119.99	1	60.5
1661280	1661281	3	desktop	81	186204	PR	Curitiba	Paraná  (capital e regiäes metropolitanas)-359	603	6	399.9	399.9	399.9	399.9	24.95	24.95	424.85	0	0	0		direto	7	0	399.9	1	24.95
1665735	1665737	7	desktop	69	1708159	RJ	Rio de Janeiro	Rio de Janeiro (capital e regiäes metropolitanas)-396	0	29	799	799	799	799	49.9	49.9	848.9	0	0	0		direto	9	0	799	1	49.9
1672575	1672576	7	mobile	69	186204	PR	Curitiba	Paraná  (capital e regiäes metropolitanas)-359	601	6	119.99	119.99	119.99	119.99	60.5	60.5	180.49	0	0	0		pla-188611	13	0	119.99	1	60.5
1674935	1674936	7	desktop	0	1719892	SP	São Paulo	São Paulo (capital e regiäes metropolitanas)-409	612	9	2399	2399	2399	2399	99	99	2498	334.78	0	0		dra-267371	9	334.78	2399	1	99
1675147	1675148	7	mobile	71	64282	PR	Curitiba	Paraná  (capital e regiäes metropolitanas)-359	0	29	1798	1798	1798	1798	819	819	2617	0	0	0		direto	9	0	1798	2	819
1675292	1675293	3	mobile	81	186204	PR	Curitiba	Paraná  (capital e regiäes metropolitanas)-359	601	7	119.99	119.99	119.99	119.99	60.5	60.5	180.49	0	0	0		pla-188611	13	0	119.99	1	60.5
1676877	1676879	7	desktop	0	1721107	SP	São Paulo	São Paulo (capital e regiäes metropolitanas)-409	602	7	342.9	342.9	342.9	342.9	23.57	23.57	366.47	0	0	0		F012	6	0	342.9	1	23.57
1677359	1677361	7	desktop	0	1721407	SP	São Paulo	São Paulo (capital e regiäes metropolitanas)-409	603	7	342.9	342.9	342.9	342.9	23.57	23.57	366.47	0	0	0		F012	6	0	342.9	1	23.57
1677375	1677376	3	mobile	81	1721394	SP	São Caetano do Sul	São Paulo (capital e regiäes metropolitanas)-409	604	7	1599	1599	1599	1599	49.9	49.9	1648.9	0	0	0		pla-205004	9	0	1599	1	49.9
1680556	1680557	7	desktop	0	1723325	SP	Mauá	São Paulo (capital e regiäes metropolitanas)-409	609	6	899	899	899	899	49.9	49.9	948.9	0	0	0		direto	9	0	899	1	49.9
1682238	1682239	7	desktop	69	1547069	PR	Curitiba	Paraná  (capital e regiäes metropolitanas)-359	0	29	0	0	0	0	15.36	15.36	15.36	0	0	0		direto	7	0	0	1	15.36
1683445	1683446	3	desktop	81	116804	SP	Osasco	São Paulo (capital e regiäes metropolitanas)-409	609	7	899	899	899	899	49.9	49.9	948.9	0	0	0		direto	9	0	899	1	49.9
1685185	1685187	3	desktop	81	1637305	PE	Recife	Pernambuco (capital e regiäes metropolitanas)-367	601	7	499	499	499	499	160.49	160.49	659.49	0	0	0		f027	13	0	499	1	160.49
1685996	1685997	3	desktop	81	1457943	SP	Cotia	São Paulo (capital e regiäes metropolitanas)-409	609	6	899	899	899	899	49.9	49.9	948.9	0	0	0		dra-276471	9	0	899	1	49.9
1689354	1689355	3	mobile	81	1729112	PR	Curitiba	Paraná  (capital e regiäes metropolitanas)-359	609	6	719.94	719.94	719.94	719.94	60.5	60.5	780.44	0	0	0		pla-277782	13	0	719.94	6	60.5
1690067	1690068	3	mobile	81	1729610	RJ	Rio de Janeiro	Rio de Janeiro (capital e regiäes metropolitanas)-396	609	9	899	899	899	899	49.9	49.9	948.9	0	0	0		pla-146894	9	0	899	1	49.9
1690902	1690903	3	mobile	81	1725391	MG	Belo Horizonte	Minas Gerais (capital e regiäes metropolitanas)-374	601	6	1599	1599	1599	1599	49.9	49.9	1648.9	0	0	0		pla-223430	9	0	1599	1	49.9
1692902	1692904	3	desktop	81	1730648	SP	Santo André	São Paulo (capital e regiäes metropolitanas)-409	607	7	1499	1499	1499	1499	49.9	49.9	1548.9	0	0	0		direto	9	0	1499	1	49.9
1693720	1693721	3	mobile	81	1732123	RS	Santa Cruz do Sul	Rio Grande do Sul (interior)-402	603	7	64.9	64.9	64.9	64.9	25.22	25.22	90.12	3.61	0	0		direto	10	3.61	64.9	1	25.22
1696303	1696304	3	desktop	81	25949	MG	Juiz de Fora	Minas Gerais (interior)-364	0	29	499	499	499	499	92.29	92.29	591.29	0	0	0		""	13	0	499	1	92.29
1697708	1697710	3	desktop	81	1734603	SC	Blumenau	Santa Catarina (interior)-408	0	29	479.96	479.96	479.96	479.96	60.5	60.5	540.46	0	0	0		58454	13	0	479.96	4	60.5
1697865	1697866	7	mobile	69	1715038	RS	Porto Alegre	Rio Grande do Sul (capital e regiäes metropolitanas)-401	0	29	239.98	239.98	239.98	239.98	60.5	60.5	300.48	0	0	0		pla-181350	13	0	239.98	2	60.5
1699459	1699460	3	desktop	81	1735651	PR	São José dos Pinhais	Paraná  (capital e regiäes metropolitanas)-359	0	29	239.98	239.98	239.98	239.98	60.5	60.5	300.48	0	0	0		direto	13	0	239.98	2	60.5
1699742	1699743	3	desktop	81	988526	RJ	São Gonçalo	Rio de Janeiro (capital e regiäes metropolitanas)-396	609	7	899	899	899	899	49.9	49.9	948.9	0	0	0		pla-1000213	9	0	899	1	49.9
1701847	1701849	3	desktop	81	1593820	BA	Salvador	Bahia (capital e regiäes metropolitanas)-393	602	24	29.9	29.9	29.9	29.9	26.93	26.93	56.83	0	0	0		pla-206127	10	0	29.9	1	26.93
1701926	1701927	3	mobile	81	1711873	SP	Diadema	São Paulo (capital e regiäes metropolitanas)-409	602	7	299.9	299.9	299.9	299.9	31.93	31.93	331.83	0	0	0		pla-254257	7	0	299.9	1	31.93
1702603	1702604	3	desktop	81	186204	PR	Curitiba	Paraná  (capital e regiäes metropolitanas)-359	601	7	2.49	2.49	2.49	2.49	36.89	36.89	39.38	0	0	0		direto	3	0	2.49	1	36.89
1703967	1703969	3	desktop	81	1592596	SP	São Paulo	São Paulo (capital e regiäes metropolitanas)-409	601	7	89.9	89.9	89.9	89.9	20.16	20.16	631.78	-521.72	625.8	625.8	VTI0F0F	F031	7	0	89.9	1	20.16
1704422	1704423	3	desktop	81	1738568	SP	São Paulo	São Paulo (capital e regiäes metropolitanas)-409	609	6	899	899	899	899	49.9	49.9	948.9	0	0	0		dra-263739	9	0	899	1	49.9
1704738	1704740	3	mobile	81	188088	GO	Goiânia	Goias (interior)-388	609	6	87.7	19.9	87.7	87.7	160.23	160.23	247.93	0	0	0		pla-214147	7	0	19.9	1	53.41
1704738	1704740	3	mobile	81	188088	GO	Goiânia	Goias (interior)-388	609	6	87.7	22.9	87.7	87.7	160.23	160.23	247.93	0	0	0		pla-214147	7	0	22.9	1	53.41
1704738	1704740	3	mobile	81	188088	GO	Goiânia	Goias (interior)-388	609	6	87.7	44.9	87.7	87.7	160.23	160.23	247.93	0	0	0		pla-214147	7	0	44.9	1	53.41
1704738	1704741	3	mobile	81	188088	GO	Goiânia	Goias (interior)-388	609	6	21.9	21.9	21.9	21.9	55.93	55.93	77.83	0	0	0		pla-214147	5	0	21.9	1	55.93
1708179	1708180	3	mobile	81	1715038	RS	Porto Alegre	Rio Grande do Sul (capital e regiäes metropolitanas)-401	606	7	239.98	239.98	239.98	239.98	60.5	60.5	300.48	0	0	0		direto	13	0	239.98	2	60.5
1709621	1709622	7	desktop	73	1741616	DF	Brasília	Distrito Federal (capital e regiäes metropolitanas)-376	606	6	1499	1499	1499	1499	739	739	2238	0	0	0		direto	9	0	1499	1	739
1710128	1710129	7	desktop	69	1741897	RJ	Rio de Janeiro	Rio de Janeiro (capital e regiäes metropolitanas)-396	0	29	899	899	899	899	49.9	49.9	948.9	0	0	0		direto	9	0	899	1	49.9
1711099	1711100	3	desktop	81	1742445	SP	São José dos Campos	São Paulo (interior)-410	603	7	899	899	899	899	119	119	1018	0	0	0		pla-1000222	9	0	899	1	119
1712471	1712472	3	mobile	81	383225	RJ	Rio de Janeiro	Rio de Janeiro (capital e regiäes metropolitanas)-396	609	7	1499	1499	1499	1499	49.9	49.9	1548.9	0	0	0		pla-1000222	9	0	1499	1	49.9
1714111	1714112	7	desktop	71	64282	PR	Curitiba	Paraná  (capital e regiäes metropolitanas)-359	0	29	2.29	2.29	2.29	2.29	4.99	4.99	7.28	0	0	0		pla-12	8	0	2.29	1	4.99
1714713	1714714	3	desktop	81	647846	SP	Osasco	São Paulo (capital e regiäes metropolitanas)-409	603	7	899	899	899	899	49.9	49.9	948.9	0	0	0		pla-243767	9	0	899	1	49.9
1714733	1714735	7	desktop	73	1740475	RJ	Niterói	Rio de Janeiro (capital e regiäes metropolitanas)-396	609	43	82.9	82.9	82.9	82.9	24.14	24.14	107.04	0	0	0		direto	7	0	82.9	1	24.14
1715546	1715548	3	mobile	81	1745073	SP	São Paulo	São Paulo (capital e regiäes metropolitanas)-409	0	29	119.99	119.99	119.99	119.99	89.99	89.99	209.98	0	0	0		pla-279091	13	0	119.99	1	89.99
1715555	1715557	3	desktop	81	1743277	MT	Campo Novo do Parecis	Mato Grosso (interior II)-436	609	6	169.9	169.9	169.9	169.9	68.4	68.4	238.3	0	0	0		ta08	7	0	169.9	1	68.4
1716351	1716352	7	desktop	69	1745501	RJ	Rio de Janeiro	Rio de Janeiro (capital e regiäes metropolitanas)-396	604	7	299.9	299.9	299.9	299.9	36.69	36.69	336.59	0	0	0		direto	7	0	299.9	1	36.69
1716570	1716571	3	mobile	81	1745610	RJ	São João de Meriti	Rio de Janeiro (capital e regiäes metropolitanas)-396	0	29	899	899	899	899	49.9	49.9	948.9	0	0	0		criteo-177672	9	0	899	1	49.9
1716708	1716709	3	desktop	81	1745687	MG	Bom Despacho	Minas Gerais (interior II)-439	609	7	2399	2399	2399	2399	299	299	2698	0	0	0		direto	9	0	2399	1	299
1719538	1719539	7	desktop	71	64282	PR	Curitiba	Paraná  (capital e regiäes metropolitanas)-359	0	29	2.29	2.29	2.29	2.29	4.99	4.99	7.28	0	0	0		direto	8	0	2.29	1	4.99
1720156	1720157	3	desktop	81	1747816	RJ	Rio de Janeiro	Rio de Janeiro (capital e regiäes metropolitanas)-396	609	6	899	899	899	899	49.9	49.9	948.9	0	0	0		pla-1000222	9	0	899	1	49.9
1721063	1721065	3	mobile	81	1746795	PR	Curitiba	Paraná  (capital e regiäes metropolitanas)-359	603	6	119.99	119.99	119.99	119.99	60.5	60.5	180.49	0	0	0		pla-194853	13	0	119.99	1	60.5
1722406	1722408	7	desktop	0	1748511	SP	Apiaí	São Paulo (interior II) -411	609	43	799	799	799	799	139	139	938	0	0	0		WE01	9	0	799	1	139
1723093	1723094	7	desktop	73	1749480	DF	Brasília	Distrito Federal (capital e regiäes metropolitanas)-376	610	43	899	899	899	899	429	429	1328	149.64	0	0		direto	9	149.64	899	1	429
1723156	1723158	3	mobile	81	1749537	MG	Uberlândia	Minas Gerais (interior)-364	609	7	139.9	139.9	139.9	139.9	24.14	24.14	164.04	0	0	0		direto	7	0	139.9	1	24.14
1723968	1723969	3	mobile	81	1739964	SP	São Paulo	São Paulo (capital e regiäes metropolitanas)-409	601	7	100.6	21.9	100.6	100.6	72.92	72.92	173.52	0	0	0		direto	5	0	21.9	1	14.58
1723968	1723969	3	mobile	81	1739964	SP	São Paulo	São Paulo (capital e regiäes metropolitanas)-409	601	7	100.6	21.9	100.6	100.6	72.92	72.92	173.52	0	0	0		direto	5	0	21.9	1	14.58
1723968	1723969	3	mobile	81	1739964	SP	São Paulo	São Paulo (capital e regiäes metropolitanas)-409	601	7	100.6	21.9	100.6	100.6	72.92	72.92	173.52	0	0	0		direto	5	0	21.9	1	14.58
1723968	1723969	3	mobile	81	1739964	SP	São Paulo	São Paulo (capital e regiäes metropolitanas)-409	601	7	100.6	34.9	100.6	100.6	72.92	72.92	173.52	0	0	0		direto	5	0	34.9	1	29.17
1726404	1726406	3	desktop	81	70401	PB	Piancó	Para¡ba (interior II)-440	608	6	49.9	49.9	49.9	49.9	74	74	123.9	0	0	0		facebookdpa-285276	5	0	49.9	1	74
1728812	1728813	3	mobile	81	1137656	SP	Campinas	São Paulo (interior)-410	0	29	99.9	99.9	99.9	99.9	20.16	20.16	120.06	0	0	0		facebookdpa-273946	7	0	99.9	1	20.16
1729044	1729046	7	mobile	69	1753305	MG	Belo Horizonte	Minas Gerais (capital e regiäes metropolitanas)-374	0	29	99.9	99.9	99.9	99.9	24.14	24.14	124.04	0	0	0		pla-167579	7	0	99.9	1	24.14
1731652	1731654	3	mobile	81	1754403	SP	São Paulo	São Paulo (capital e regiäes metropolitanas)-409	608	7	99.9	99.9	99.9	99.9	26.43	26.43	126.33	0	0	0		pla-239316	5	0	99.9	1	26.43
1731765	1731767	3	desktop	81	1377540	SP	São Paulo	São Paulo (capital e regiäes metropolitanas)-409	601	7	239.98	239.98	239.98	239.98	89.99	89.99	1374.67	-1044.7	1353.51	1353.51	VT1346320	direto	13	0	239.98	2	89.99
1731765	1731768	3	desktop	81	1377540	SP	São Paulo	São Paulo (capital e regiäes metropolitanas)-409	601	7	39.9	39.9	39.9	39.9	20.16	20.16	1374.67	-1314.61	1353.51	1353.51	VT1346320	direto	7	0	39.9	1	20.16
1731811	1731812	7	mobile	69	1754981	RJ	Duque de Caxias	Rio de Janeiro (capital e regiäes metropolitanas)-396	609	7	899	899	899	899	49.9	49.9	948.9	0	0	0		pla-220465	9	0	899	1	49.9
1732954	1732956	3	desktop	81	1739300	RS	Caxias do Sul	Rio Grande do Sul (interior)-402	601	6	119.99	119.99	119.99	119.99	60.5	60.5	180.49	0	0	0		direto	13	0	119.99	1	60.5
1733057	1733059	3	desktop	81	1565579	SP	Taubaté	São Paulo (interior)-410	606	7	149.8	99.9	149.8	149.8	54.29	54.29	204.09	0	0	0		TA04	5	0	99.9	1	33.31
1733057	1733059	3	desktop	81	1565579	SP	Taubaté	São Paulo (interior)-410	606	7	149.8	49.9	149.8	149.8	54.29	54.29	204.09	0	0	0		TA04	5	0	49.9	1	20.98
1733362	1733363	7	desktop	69	1755988	MG	Belo Horizonte	Minas Gerais (capital e regiäes metropolitanas)-374	0	29	1599	1599	1599	1599	49.9	49.9	1648.9	0	0	0		zanox	9	0	1599	1	49.9
1733474	1733476	3	desktop	81	1756040	SP	Osasco	São Paulo (capital e regiäes metropolitanas)-409	609	7	899	899	899	899	109	109	1008	0	0	0		direto	18	0	899	1	109
1735221	1735223	3	desktop	81	1634185	RJ	Rio de Janeiro	Rio de Janeiro (capital e regiäes metropolitanas)-396	609	7	219.9	219.9	219.9	219.9	36.69	36.69	256.59	0	0	0		direto	7	0	219.9	1	36.69
1735902	1735904	7	desktop	0	1740475	RJ	Niterói	Rio de Janeiro (capital e regiäes metropolitanas)-396	609	43	59.8	59.8	59.8	59.8	23.28	23.28	83.08	0	0	0		direto	5	0	59.8	2	23.28
1736828	1736830	3	desktop	81	1758147	SP	Sorocaba	São Paulo (interior)-410	603	7	239.98	239.98	239.98	239.98	89.99	89.99	329.97	0	0	0		direto	13	0	239.98	2	89.99
1738815	1738816	3	mobile	81	1759339	PR	Maringá	Paraná  (interior)-360	606	6	719.94	719.94	719.94	719.94	60.5	60.5	780.44	0	0	0		pla-157602	13	0	719.94	6	60.5
1738845	1738846	3	mobile	81	1759337	SP	São Paulo	São Paulo (capital e regiäes metropolitanas)-409	609	7	899	899	899	899	49.9	49.9	948.9	0	0	0		pla-1000222	9	0	899	1	49.9
1738939	1738940	7	mobile	0	1759339	PR	Maringá	Paraná  (interior)-360	606	6	719.94	719.94	719.94	719.94	60.5	60.5	780.44	0	0	0		direto	13	0	719.94	6	60.5
1740083	1740085	3	desktop	81	1746956	SP	São Paulo	São Paulo (capital e regiäes metropolitanas)-409	606	7	119.9	119.9	119.9	119.9	22.93	22.93	142.83	0	0	0		zanox	5	0	119.9	1	22.93
1740120	1740122	3	desktop	81	1760075	PR	Foz do Iguaçu	Paraná  (interior)-360	609	7	339.98	339.98	339.98	339.98	60.5	60.5	400.48	0	0	0		pla-263675	13	0	339.98	2	60.5
1741566	1741567	7	mobile	0	1760959	PB	Campina Grande	Para¡ba (interior)-365	0	29	799	799	799	799	699	699	1498	0	0	0		pla-217971	9	0	799	1	699
1742092	1742094	3	mobile	81	1761297	SP	Santo André	São Paulo (capital e regiäes metropolitanas)-409	606	7	119.99	119.99	119.99	119.99	89.99	89.99	209.98	0	0	0		pla-269342	13	0	119.99	1	89.99
1743879	1743880	3	mobile	81	1761917	SP	Guarulhos	São Paulo (capital e regiäes metropolitanas)-409	612	7	1499	1499	1499	1499	49.9	49.9	1548.9	207.58	0	0		direto	9	207.58	1499	1	49.9
1744529	1744531	3	desktop	81	1762699	SP	São Paulo	São Paulo (capital e regiäes metropolitanas)-409	609	6	899	899	899	899	49.9	49.9	948.9	0	0	0		direto	9	0	899	1	49.9
1744529	1744532	3	desktop	81	1762699	SP	São Paulo	São Paulo (capital e regiäes metropolitanas)-409	609	6	1798	1798	1798	1798	148	148	1946	0	0	0		direto	18	0	1798	2	148
1744535	1744536	3	desktop	81	1762631	SP	São Paulo	São Paulo (capital e regiäes metropolitanas)-409	609	6	1298	1298	1298	1298	148	148	1446	0	0	0		pla-1009687	18	0	1298	2	148
1745363	1745365	3	mobile	81	1597249	RS	Arroio do Meio	Rio Grande do Sul (interiorII)-448	601	6	342.9	342.9	342.9	342.9	29.07	29.07	510.27	-138.3	423.23	423.23	VT1546733	""	6	0	342.9	1	29.07
1746819	1746820	3	desktop	81	336413	BA	Salvador	Bahia (capital e regiäes metropolitanas)-393	601	6	59.9	59.9	59.9	59.9	29.59	29.59	89.49	0	0	0		direto	10	0	59.9	1	29.59
1746949	1746950	7	desktop	69	984255	SP	Guarulhos	São Paulo (capital e regiäes metropolitanas)-409	0	29	59.9	59.9	59.9	59.9	19.72	19.72	79.62	0	0	0		Mailhub-54440	10	0	59.9	1	19.72
1747788	1747789	3	desktop	81	1042990	SC	São José	Santa Catarina (capital e regiäes metropolitanas)-407	608	6	359.97	359.97	359.97	359.97	60.5	60.5	420.47	0	0	0		Mailhub-54440	13	0	359.97	3	60.5
1749337	1749338	3	mobile	81	1765465	SP	Embu das Artes	São Paulo (capital e regiäes metropolitanas)-409	609	7	849	849	849	849	140	140	989	0	0	0		direto	18	0	849	1	140
1749901	1749902	3	desktop	81	1641896	RJ	Resende	Rio de Janeiro (interior)-397	0	29	899	899	899	899	199	199	1098	0	0	0		direto	18	0	899	1	199
1750347	1750348	3	mobile	81	124536	SP	São Paulo	São Paulo (capital e regiäes metropolitanas)-409	601	7	59.9	59.9	59.9	59.9	19.72	19.72	79.62	0	0	0		Mailhub-54442	10	0	59.9	1	19.72
1750603	1750604	3	mobile	81	992652	PR	Foz do Iguaçu	Paraná  (interior)-360	606	7	499	499	499	499	60.5	60.5	559.5	0	0	0		""	13	0	499	1	60.5
1752487	1752488	7	mobile	69	125656	SP	Guarulhos	São Paulo (capital e regiäes metropolitanas)-409	609	6	899	899	899	899	109	109	1008	0	0	0		Mailhub-54476	18	0	899	1	109
1754657	1754660	7	desktop	69	1768597	SP	São Paulo	São Paulo (capital e regiäes metropolitanas)-409	0	29	649	649	649	649	89	89	738	0	0	0		direto	18	0	649	1	89
1754719	1754720	7	desktop	69	1768595	RJ	Rio de Janeiro	Rio de Janeiro (capital e regiäes metropolitanas)-396	609	7	849	849	849	849	149	149	998	0	0	0		zanox	18	0	849	1	149
1754841	1754842	7	mobile	69	1536826	RJ	Macaé	Rio de Janeiro (interior)-397	609	6	849	849	849	849	199	199	1048	0	0	0		direto	18	0	849	1	199
1754911	1754912	7	mobile	69	1536826	RJ	Macaé	Rio de Janeiro (interior)-397	609	6	849	849	849	849	199	199	1048	0	0	0		direto	18	0	849	1	199
1755239	1755240	7	mobile	69	912052	PR	Curitiba	Paraná  (capital e regiäes metropolitanas)-359	0	29	239.98	239.98	239.98	239.98	60.5	60.5	300.48	0	0	0		Mailhub-54475	13	0	239.98	2	60.5
1757856	1757857	3	mobile	81	542635	SC	Florianópolis	Santa Catarina (capital e regiäes metropolitanas)-407	601	7	144.8	84.9	144.8	144.8	33.8	33.8	178.6	0	0	0		Mailhub-54443	10	0	84.9	1	19.31
1757856	1757857	3	mobile	81	542635	SC	Florianópolis	Santa Catarina (capital e regiäes metropolitanas)-407	601	7	144.8	59.9	144.8	144.8	33.8	33.8	178.6	0	0	0		Mailhub-54443	10	0	59.9	1	14.49
1757914	1757915	3	mobile	81	542635	SC	Florianópolis	Santa Catarina (capital e regiäes metropolitanas)-407	601	7	144.8	59.9	144.8	144.8	33.8	33.8	178.6	0	0	0		Mailhub-54443	10	0	59.9	1	14.49
1757914	1757915	3	mobile	81	542635	SC	Florianópolis	Santa Catarina (capital e regiäes metropolitanas)-407	601	7	144.8	84.9	144.8	144.8	33.8	33.8	178.6	0	0	0		Mailhub-54443	10	0	84.9	1	19.31
1759251	1759252	3	desktop	81	418616	RJ	Campos dos Goytacazes	Rio de Janeiro (interior)-397	609	7	799	799	799	799	199	199	998	0	0	0		direto	18	0	799	1	199
1759507	1759509	3	desktop	81	67962	RJ	Rio de Janeiro	Rio de Janeiro (capital e regiäes metropolitanas)-396	609	9	171.8	85.9	171.8	171.8	46.56	46.56	218.36	0	0	0		Mailhub-54617	5	0	85.9	1	23.28
1759507	1759509	3	desktop	81	67962	RJ	Rio de Janeiro	Rio de Janeiro (capital e regiäes metropolitanas)-396	609	9	171.8	85.9	171.8	171.8	46.56	46.56	218.36	0	0	0		Mailhub-54617	5	0	85.9	1	23.28
1761006	1761008	3	desktop	81	1769841	SP	Votorantim	São Paulo (interior)-410	0	29	1499	1499	1499	1499	269	269	1768	0	0	0		direto	9	0	1499	1	269
1761009	1761010	3	desktop	81	426182	SP	São Paulo	São Paulo (capital e regiäes metropolitanas)-409	601	6	29.9	29.9	29.9	29.9	17.95	17.95	47.85	0	0	0		direto	10	0	29.9	1	17.95
1761179	1761180	7	desktop	69	1772337	SP	São Paulo	São Paulo (capital e regiäes metropolitanas)-409	0	29	899	899	899	899	49.9	49.9	948.9	0	0	0		direto	9	0	899	1	49.9
1761417	1761419	7	mobile	0	878318	RJ	Bom Jardim	Rio de Janeiro (interior II)-445	608	6	59.9	59.9	59.9	59.9	22.09	22.09	81.99	0	0	0		direto	10	0	59.9	1	22.09
1762118	1762119	3	mobile	81	1710830	SP	São Paulo	São Paulo (capital e regiäes metropolitanas)-409	607	7	799	799	799	799	89	89	888	0	0	0		direto	18	0	799	1	89
1763380	1763382	3	desktop	81	1465466	SP	São Paulo	São Paulo (capital e regiäes metropolitanas)-409	609	7	59.9	59.9	59.9	59.9	19.72	19.72	79.62	0	0	0		Mailhub-54443	10	0	59.9	1	19.72
1763380	1763383	3	desktop	81	1465466	SP	São Paulo	São Paulo (capital e regiäes metropolitanas)-409	609	7	849	849	849	849	89	89	938	0	0	0		Mailhub-54443	18	0	849	1	89
1763548	1763550	7	desktop	69	1773776	PI	Parnaíba	Piaui (interior)-395	0	29	199.9	199.9	199.9	199.9	93.57	93.57	293.47	0	0	0		TA06	5	0	199.9	1	93.57
1763645	1763647	3	desktop	81	1773838	SP	Caçapava	São Paulo (interior)-410	0	29	899	899	899	899	119	119	1018	0	0	0		pla-75035	9	0	899	1	119
1763658	1763659	3	desktop	81	1449949	MG	Pará de Minas	Minas Gerais (interior II)-439	606	7	899	899	899	899	199	199	1098	0	0	0		direto	18	0	899	1	199
1763668	1763670	3	desktop	81	1773851	MG	Uberaba	Minas Gerais (interior)-364	602	6	299.8	299.8	299.8	299.8	69.85	69.85	369.65	0	0	0		pla-281834	5	0	299.8	2	69.85
1763927	1763929	3	desktop	81	1773990	SP	São Paulo	São Paulo (capital e regiäes metropolitanas)-409	604	7	1399	1399	1399	1399	49.9	49.9	1448.9	0	0	0		pla-204987	9	0	1399	1	49.9
1764084	1764085	3	mobile	81	1774107	SP	São Paulo	São Paulo (capital e regiäes metropolitanas)-409	609	43	849	849	849	849	89	89	938	0	0	0		pla-279818	18	0	849	1	89
1764496	1764497	7	desktop	0	1772717	SP	Indaiatuba	São Paulo (interior)-410	609	7	649	649	649	649	160	160	809	0	0	0		direto	18	0	649	1	160
1765342	1765344	7	desktop	69	1774835	MG	Divinolândia de Minas	Minas Gerais (interior II)-439	0	29	179.7	59.9	179.7	179.7	72.42	72.42	252.12	0	0	0		F012	7	0	59.9	1	24.14
1765342	1765344	7	desktop	69	1774835	MG	Divinolândia de Minas	Minas Gerais (interior II)-439	0	29	179.7	59.9	179.7	179.7	72.42	72.42	252.12	0	0	0		F012	7	0	59.9	1	24.14
1765342	1765344	7	desktop	69	1774835	MG	Divinolândia de Minas	Minas Gerais (interior II)-439	0	29	179.7	59.9	179.7	179.7	72.42	72.42	252.12	0	0	0		F012	7	0	59.9	1	24.14
1766012	1766014	3	desktop	81	1775272	MG	Governador Valadares	Minas Gerais (interior)-364	0	29	254.7	59.9	254.7	254.7	72.42	72.42	327.12	0	0	0		direto	7	0	59.9	1	16.71
1766012	1766014	3	desktop	81	1775272	MG	Governador Valadares	Minas Gerais (interior)-364	0	29	254.7	104.9	254.7	254.7	72.42	72.42	327.12	0	0	0		direto	7	0	104.9	1	33.42
1766012	1766014	3	desktop	81	1775272	MG	Governador Valadares	Minas Gerais (interior)-364	0	29	254.7	89.9	254.7	254.7	72.42	72.42	327.12	0	0	0		direto	7	0	89.9	1	22.28
1766371	1766373	7	desktop	0	1775482	SP	Mogi das Cruzes	São Paulo (capital e regiäes metropolitanas)-409	0	29	1399	1399	1399	1399	49.9	49.9	1448.9	0	0	0		TA06	9	0	1399	1	49.9
1766386	1766388	7	desktop	0	1775482	SP	Mogi das Cruzes	São Paulo (capital e regiäes metropolitanas)-409	0	29	1399	1399	1399	1399	49.9	49.9	1448.9	0	0	0		TA06	9	0	1399	1	49.9
1766703	1766705	7	mobile	0	1753504	SP	Guarulhos	São Paulo (capital e regiäes metropolitanas)-409	612	43	849	849	849	849	109	109	958	128.39	0	0		TA06	18	128.39	849	1	109
1767174	1767176	7	desktop	0	769797	SP	São Paulo	São Paulo (capital e regiäes metropolitanas)-409	0	29	649	649	649	649	89	89	738	0	0	0		direto	18	0	649	1	89
1767497	1767498	7	mobile	69	887477	SP	São Paulo	São Paulo (capital e regiäes metropolitanas)-409	602	7	1698	1698	1698	1698	148	148	1846	0	0	0		direto	18	0	1698	2	148
1767499	1767500	7	mobile	69	887477	SP	São Paulo	São Paulo (capital e regiäes metropolitanas)-409	602	7	849	849	849	849	89	89	938	0	0	0		direto	18	0	849	1	89
1768899	1768900	3	desktop	81	1142976	SP	São Paulo	São Paulo (capital e regiäes metropolitanas)-409	609	7	849	849	849	849	89	89	938	0	0	0		direto	18	0	849	1	89
1769239	1769241	3	desktop	81	1777351	SP	Guarulhos	São Paulo (capital e regiäes metropolitanas)-409	609	7	849	849	849	849	109	109	958	0	0	0		direto	18	0	849	1	109
1770053	1770055	3	desktop	81	1777901	SP	São Paulo	São Paulo (capital e regiäes metropolitanas)-409	0	29	899	899	899	899	89	89	988	0	0	0		pla-1008983	18	0	899	1	89
1770460	1770461	7	mobile	69	1778151	RJ	Duque de Caxias	Rio de Janeiro (capital e regiäes metropolitanas)-396	609	7	649	649	649	649	179	179	828	0	0	0		facebookdpa-207262	18	0	649	1	179
1770500	1770501	3	desktop	81	82164	SP	São Paulo	São Paulo (capital e regiäes metropolitanas)-409	602	6	119.9	119.9	119.9	119.9	22.93	22.93	142.83	0	0	0		pla-191686	5	0	119.9	1	22.93
1771321	1771323	7	mobile	69	1778653	SP	Mogi das Cruzes	São Paulo (capital e regiäes metropolitanas)-409	0	29	1399	1399	1399	1399	49.9	49.9	1448.9	0	0	0		criteo-240646	9	0	1399	1	49.9
1771340	1771341	7	mobile	69	1719600	SP	São Paulo	São Paulo (capital e regiäes metropolitanas)-409	604	6	899	899	899	899	89	89	988	0	0	0		direto	18	0	899	1	89
1771358	1771360	3	desktop	81	1778681	SP	Taboão da Serra	São Paulo (capital e regiäes metropolitanas)-409	609	6	899	899	899	899	109	109	1008	0	0	0		pla-1008977	18	0	899	1	109
1771583	1771585	3	desktop	81	1771585	SC	Chapecó	Santa Catarina (interior)-408	605	6	479.96	479.96	479.96	479.96	60.5	60.5	540.46	0	0	0		pla-172240	13	0	479.96	4	60.5
1771830	1771831	3	desktop	81	354870	SP	Adamantina	São Paulo (capital e regiäes metropolitanas)-409	609	6	1349	1349	1349	1349	148	148	1497	0	0	0		j008	18	0	1349	1	148
1771914	1771915	3	mobile	81	456079	SP	São Paulo	São Paulo (capital e regiäes metropolitanas)-409	602	7	119.9	119.9	119.9	119.9	20.16	20.16	140.06	0	0	0		pla-257229	7	0	119.9	1	20.16
1772518	1772520	7	mobile	69	1779445	PR	São Mateus do Sul	Paraná  (interior II)-442	0	29	119.8	119.8	119.8	119.8	20.16	20.16	139.96	0	0	0		TA06	7	0	119.8	2	20.16
1773378	1773380	7	mobile	69	71234	RJ	Petrópolis	Rio de Janeiro (capital e regiäes metropolitanas)-396	0	29	119.8	59.9	119.8	119.8	48.28	48.28	168.08	0	0	0		direto	7	0	59.9	1	24.14
1773378	1773380	7	mobile	69	71234	RJ	Petrópolis	Rio de Janeiro (capital e regiäes metropolitanas)-396	0	29	119.8	59.9	119.8	119.8	48.28	48.28	168.08	0	0	0		direto	7	0	59.9	1	24.14
1773397	1773398	3	desktop	81	1779950	MG	Belo Horizonte	Minas Gerais (capital e regiäes metropolitanas)-374	609	43	849	849	849	849	179	179	1028	0	0	0		pla-1000222	18	0	849	1	179
1774703	1774704	3	mobile	81	1780718	RJ	Rio de Janeiro	Rio de Janeiro (capital e regiäes metropolitanas)-396	609	6	899	899	899	899	149	149	1048	0	0	0		direto	18	0	899	1	149
1775117	1775119	7	desktop	69	1779011	MG	Timóteo	Minas Gerais (interior II)-439	0	29	21.9	21.9	21.9	21.9	22.06	22.06	43.96	0	25.23	0	PFCALL2	WE01	5	0	21.9	1	22.06
1775746	1775747	3	mobile	81	1781348	SP	São Paulo	São Paulo (capital e regiäes metropolitanas)-409	609	7	899	899	899	899	89	89	988	0	0	0		pla-1009015	18	0	899	1	89
1776270	1776271	3	desktop	81	1781645	SP	Diadema	São Paulo (capital e regiäes metropolitanas)-409	609	6	849	849	849	849	109	109	958	0	0	0		14172174072	18	0	849	1	109
1776564	1776565	3	desktop	81	1766727	SP	São Paulo	São Paulo (capital e regiäes metropolitanas)-409	609	7	899	899	899	899	89	89	988	0	0	0		""	18	0	899	1	89
1777044	1777045	3	desktop	81	1782114	SP	São Paulo	São Paulo (capital e regiäes metropolitanas)-409	603	7	1349	1349	1349	1349	89	89	1438	0	0	0		direto	18	0	1349	1	89
1777303	1777305	7	desktop	71	64282	PR	Curitiba	Paraná  (capital e regiäes metropolitanas)-359	0	29	1499	1499	1499	1499	819	819	2318	0	0	0		direto	9	0	1499	1	819
1778103	1778104	3	mobile	81	1782609	ES	Cariacica	Esp¡rito Santo (interior)-381	0	29	359.97	359.97	359.97	359.97	88.99	88.99	448.96	0	0	0		F034	13	0	359.97	3	88.99
1778793	1778794	3	mobile	81	1783171	SP	São Paulo	São Paulo (capital e regiäes metropolitanas)-409	0	29	799	799	799	799	89	89	888	0	0	0		pla-1009007	18	0	799	1	89
1778865	1778866	3	desktop	81	1783193	RJ	Rio de Janeiro	Rio de Janeiro (capital e regiäes metropolitanas)-396	601	7	849	849	849	849	149	149	998	0	0	0		pla-1008989	18	0	849	1	149
1780180	1780181	7	desktop	69	1767741	SP	São Paulo	São Paulo (capital e regiäes metropolitanas)-409	605	7	719.94	719.94	719.94	719.94	89.99	89.99	809.93	0	0	0		direto	13	0	719.94	6	89.99
1780180	1780182	7	desktop	69	1767741	SP	São Paulo	São Paulo (capital e regiäes metropolitanas)-409	605	7	899	899	899	899	89	89	988	0	0	0		direto	18	0	899	1	89
1780228	1780229	3	mobile	81	1770146	PR	Curitiba	Paraná  (capital e regiäes metropolitanas)-359	601	7	349.9	349.9	349.9	349.9	43.93	43.93	393.83	0	0	0		ta08	5	0	349.9	1	43.93
1780278	1780280	7	desktop	69	1779011	MG	Timóteo	Minas Gerais (interior II)-439	0	29	21.9	21.9	21.9	21.9	22.06	22.06	43.96	0	25.23	0	PFCALL2	WE01	5	0	21.9	1	22.06
1780459	1780460	3	desktop	81	1767741	SP	São Paulo	São Paulo (capital e regiäes metropolitanas)-409	605	7	719.94	719.94	719.94	719.94	89.99	89.99	809.93	0	0	0		""	13	0	719.94	6	89.99
1780459	1780461	3	desktop	81	1767741	SP	São Paulo	São Paulo (capital e regiäes metropolitanas)-409	605	7	899	899	899	899	89	89	988	0	0	0		""	18	0	899	1	89
1780517	1780519	3	desktop	81	3633	RJ	Rio de Janeiro	Rio de Janeiro (capital e regiäes metropolitanas)-396	601	7	89.9	89.9	89.9	89.9	27.08	27.08	742.36	-625.38	661.4	661.4	VT1738436	direto	5	0	89.9	1	27.08
1781909	1781910	3	mobile	81	173128	RJ	São Gonçalo	Rio de Janeiro (capital e regiäes metropolitanas)-396	609	7	849	849	849	849	179	179	1028	0	0	0		pla-281972	18	0	849	1	179
1782357	1782358	7	desktop	73	1785433	MG	Uberlândia	Minas Gerais (interior)-364	601	7	799	799	799	799	199	199	998	0	0	0		direto	18	0	799	1	199
1783097	1783099	3	desktop	81	1659825	PR	Londrina	Paraná  (interior)-360	609	6	169.9	169.9	169.9	169.9	31.93	31.93	201.83	0	0	0		zanox	7	0	169.9	1	31.93
1783218	1783219	7	desktop	71	64282	SP	São Paulo	São Paulo (capital e regiäes metropolitanas)-409	0	29	849	849	849	849	89	89	938	0	0	0		j008	18	0	849	1	89
1784162	1784163	3	desktop	81	950939	SP	São Carlos	São Paulo (interior)-410	0	29	339.98	339.98	339.98	339.98	89.99	89.99	429.97	0	0	0		criteo-192466	13	0	339.98	1	89.99
1784408	1784410	7	desktop	71	64282	SP	São Paulo	São Paulo (capital e regiäes metropolitanas)-409	0	29	849	849	849	849	89	89	938	0	0	0		j008	18	0	849	1	89
1785149	1785151	3	mobile	81	1785642	SP	Jacareí	São Paulo (interior)-410	609	7	799	799	799	799	140	140	939	0	0	0		facebookdpa-205004	18	0	799	1	140
1785330	1785332	7	desktop	0	1738986	SP	Presidente Prudente	São Paulo (interior)-410	601	7	59.8	59.8	59.8	59.8	25.22	25.22	85.02	0	0	0		ta08	10	0	59.8	2	25.22
1785763	1785764	7	desktop	0	1786948	SP	sao paulo	São Paulo (capital e regiäes metropolitanas)-409	0	29	849	849	849	849	89	89	938	0	0	0		pr01	18	0	849	1	89
1785837	1785839	3	desktop	81	1783225	SC	Palhoça	Santa Catarina (capital e regiäes metropolitanas)-407	609	6	119.99	119.99	119.99	119.99	60.5	60.5	180.49	0	0	0		direto	13	0	119.99	1	60.5
1785895	1785897	3	desktop	81	1787101	SP	Santana de Parnaíba	São Paulo (capital e regiäes metropolitanas)-409	602	7	111.6	59.8	111.6	111.6	20.16	20.16	131.76	0	0	0		direto	7	0	59.8	2	3.36
1785895	1785897	3	desktop	81	1787101	SP	Santana de Parnaíba	São Paulo (capital e regiäes metropolitanas)-409	602	7	111.6	51.8	111.6	111.6	20.16	20.16	131.76	0	0	0		direto	7	0	51.8	2	16.8
1786064	1786065	7	desktop	0	1786948	SP	sao paulo	São Paulo (capital e regiäes metropolitanas)-409	0	29	799	799	799	799	89	89	888	0	0	0		pr01	18	0	799	1	89
1786068	1786069	3	desktop	81	1786948	SP	sao paulo	São Paulo (capital e regiäes metropolitanas)-409	0	29	849	849	849	849	89	89	938	0	0	0		pr01	18	0	849	1	89
1786781	1786782	3	mobile	81	1784939	RJ	São Gonçalo	Rio de Janeiro (capital e regiäes metropolitanas)-396	606	6	899	899	899	899	179	179	1078	0	0	0		direto	18	0	899	1	179
1786847	1786848	7	desktop	73	1788212	RJ	Niterói	Rio de Janeiro (capital e regiäes metropolitanas)-396	601	7	24.99	24.99	24.99	24.99	22.06	22.06	47.05	0	0	0		direto	42	0	24.99	1	22.06
1787407	1787409	3	desktop	81	505669	RJ	Rio de Janeiro	Rio de Janeiro (capital e regiäes metropolitanas)-396	610	7	649	649	649	649	149	149	798	0	0	0		direto	18	0	649	1	149
1787552	1787553	7	desktop	73	1788212	RJ	Niterói	Rio de Janeiro (capital e regiäes metropolitanas)-396	601	6	24.99	24.99	24.99	24.99	22.06	22.06	47.05	0	0	0		direto	42	0	24.99	1	22.06
1788224	1788225	3	mobile	81	1789078	SP	São Paulo	São Paulo (capital e regiäes metropolitanas)-409	609	7	899	899	899	899	49.9	49.9	948.9	0	0	0		pla-1008977	9	0	899	1	49.9
1788358	1788359	3	mobile	81	1615603	SP	Taboão da Serra	São Paulo (capital e regiäes metropolitanas)-409	609	7	799	799	799	799	109	109	908	0	0	0		Mailhub-54698	18	0	799	1	109
1788873	1788874	7	desktop	69	1789475	SC	Camboriú	Santa Catarina (capital e regiäes metropolitanas II)-449	603	7	144.9	144.9	144.9	144.9	16.9	16.9	161.8	0	0	0		direto	10	0	144.9	1	16.9
1788875	1788877	3	desktop	81	1789473	SP	São Paulo	São Paulo (capital e regiäes metropolitanas)-409	609	7	849	849	849	849	89	89	938	0	0	0		dra-157949	18	0	849	1	89
1789541	1789542	7	mobile	69	1789828	SP	São Paulo	São Paulo (capital e regiäes metropolitanas)-409	612	6	849	849	849	849	89	89	938	125.71	0	0		pla-1008977	18	125.71	849	1	89
1789557	1789558	3	mobile	81	1762943	PR	Curitiba	Paraná  (capital e regiäes metropolitanas)-359	601	7	479.96	479.96	479.96	479.96	60.5	60.5	540.46	0	0	0		direto	13	0	479.96	4	60.5
1789709	1789710	3	desktop	81	1789940	SP	São Paulo	São Paulo (capital e regiäes metropolitanas)-409	0	29	1349	1349	1349	1349	148	148	1497	0	0	0		20091554952	18	0	1349	1	148
1789765	1789766	3	mobile	81	1778361	RJ	Rio de Janeiro	Rio de Janeiro (capital e regiäes metropolitanas)-396	601	6	899	899	899	899	149	149	1048	0	0	0		pla-175281	18	0	899	1	149
1789905	1789907	3	mobile	81	927300	SP	Sorocaba	São Paulo (interior)-410	609	7	799	799	799	799	199	199	998	0	0	0		pla-223430	18	0	799	1	199
1790270	1790272	3	desktop	81	1724761	SP	Praia Grande	São Paulo (interior)-410	601	7	29.9	29.9	29.9	29.9	21.25	21.25	645.54	-594.39	610.18	610.18	VT1682714	F034	10	0	29.9	1	21.25
1790519	1790521	7	desktop	0	1741598	PR	Curitiba	Paraná  (capital e regiäes metropolitanas)-359	0	29	119.99	119.99	119.99	119.99	60.5	60.5	180.49	0	0	0		zanox	13	0	119.99	1	60.5
1790767	1790769	7	desktop	0	1741598	PR	Curitiba	Paraná  (capital e regiäes metropolitanas)-359	0	29	119.99	119.99	119.99	119.99	60.5	60.5	180.49	0	0	0		jg04	13	0	119.99	1	60.5
1790788	1790789	3	desktop	81	1741598	PR	Curitiba	Paraná  (capital e regiäes metropolitanas)-359	0	29	119.99	119.99	119.99	119.99	60.5	60.5	180.49	0	0	0		jg04	13	0	119.99	1	60.5
1790824	1790826	7	desktop	69	1790603	SP	Sorocaba	São Paulo (interior)-410	0	29	119.99	119.99	119.99	119.99	89.99	89.99	209.98	0	0	0		rtbhouse-254188	13	0	119.99	1	89.99
1790861	1790863	7	desktop	69	129368	SP	São Paulo	São Paulo (capital e regiäes metropolitanas)-409	0	29	849	849	849	849	89	89	938	0	0	0		zanox	18	0	849	1	89
1791189	1791190	3	desktop	81	1790802	MG	Ribeirão das Neves	Minas Gerais (capital e regiäes metropolitanas)-374	601	7	649	649	649	649	199	199	848	0	0	0		direto	18	0	649	1	199
1791471	1791473	3	desktop	81	1738986	SP	Presidente Prudente	São Paulo (interior)-410	609	7	59.8	59.8	59.8	59.8	25.22	25.22	85.02	0	0	0		ta08	10	0	59.8	2	25.22
1791502	1791504	3	mobile	81	1790943	RJ	Cachoeiras de Macacu	Rio de Janeiro (interior II)-445	601	6	99.9	99.9	99.9	99.9	24.14	24.14	124.04	0	0	0		facebookdpa-278851	7	0	99.9	1	24.14
1792135	1792136	3	mobile	81	1759066	SC	Criciúma	Santa Catarina (interior)-408	603	7	169.9	169.9	169.9	169.9	19.64	19.64	189.54	0	0	0		direto	7	0	169.9	1	19.64
1792391	1792392	7	desktop	69	1791550	SP	Osasco	São Paulo (capital e regiäes metropolitanas)-409	0	29	269	269	269	269	25.9	25.9	294.9	0	0	0		direto	25	0	269	1	25.9
1792753	1792754	3	mobile	81	1791739	SP	São Paulo	São Paulo (capital e regiäes metropolitanas)-409	603	7	899	899	899	899	89	89	988	0	0	0		pla-194853	18	0	899	1	89
1794121	1794123	7	desktop	69	1792541	SP	Barueri	São Paulo (capital e regiäes metropolitanas)-409	0	29	649	649	649	649	109	109	758	0	0	0		facebookdpa-251037	18	0	649	1	109
1794124	1794125	7	desktop	71	64282	SP	São Paulo	São Paulo (capital e regiäes metropolitanas)-409	0	29	199.9	199.9	199.9	199.9	4.99	4.99	204.89	0	0	0		j008	8	0	199.9	1	4.99
1794859	1794860	3	desktop	81	1785573	SP	Piracicaba	São Paulo (interior)-410	609	6	899	899	899	899	160	160	1059	0	0	0		direto	18	0	899	1	160
1794953	1794955	7	desktop	0	1792980	SP	São Bernardo do Campo	São Paulo (capital e regiäes metropolitanas)-409	0	29	59.9	59.9	59.9	59.9	19.32	19.32	79.22	0	0	0		direto	5	0	59.9	1	19.32
1794960	1794962	3	desktop	81	1727613	SP	Embu das Artes	São Paulo (capital e regiäes metropolitanas)-409	605	7	899	899	899	899	140	140	1039	0	0	0		direto	18	0	899	1	140
1795517	1795519	3	desktop	81	1539954	RS	Glorinha	Rio Grande do Sul (capital e regiäes metropolitanas)-401	606	7	119.99	119.99	119.99	119.99	60.5	60.5	180.49	0	0	0		""	13	0	119.99	1	60.5
1795968	1795969	3	mobile	81	1793570	RJ	Rio de Janeiro	Rio de Janeiro (capital e regiäes metropolitanas)-396	0	29	799	799	799	799	149	149	948	0	0	0		pla-1009007	18	0	799	1	149
1797334	1797335	7	mobile	69	1794346	PR	Telêmaco Borba	Paraná  (interior II)-442	0	29	99.9	99.9	99.9	99.9	20.16	20.16	120.06	0	0	0		direto	7	0	99.9	1	20.16
1797374	1797376	3	desktop	81	1791231	RJ	Petrópolis	Rio de Janeiro (capital e regiäes metropolitanas)-396	609	7	799	799	799	799	199	199	998	0	0	0		direto	18	0	799	1	199
1798423	1798425	3	mobile	81	638481	SP	São Paulo	São Paulo (capital e regiäes metropolitanas)-409	609	6	899	899	899	899	89	89	988	0	0	0		pla-179346	18	0	899	1	89
1798714	1798716	3	desktop	81	1795249	SP	São João da Boa Vista	São Paulo (interior II) -411	602	43	104.9	104.9	104.9	104.9	20.16	20.16	125.06	0	0	0		zanox	7	0	104.9	1	20.16
1799474	1799476	7	desktop	0	1795732	SP	São Vicente	São Paulo (interior)-410	605	7	259.9	259.9	259.9	259.9	29.9	29.9	289.8	0	0	0		direto	25	0	259.9	1	29.9
1799509	1799510	7	desktop	73	1795729	RJ	Rio de Janeiro	Rio de Janeiro (capital e regiäes metropolitanas)-396	601	7	169.9	169.9	169.9	169.9	36.69	36.69	206.59	0	0	0		direto	7	0	169.9	1	36.69
1799549	1799550	7	desktop	73	1795729	RJ	Rio de Janeiro	Rio de Janeiro (capital e regiäes metropolitanas)-396	601	7	299.9	299.9	299.9	299.9	36.69	36.69	336.58	0.01	0	0		direto	7	0	299.9	1	36.69
1799749	1799750	3	desktop	81	1795888	RS	Uruguaiana	Rio Grande do Sul (interiorII)-448	603	24	169.9	169.9	169.9	169.9	31.93	31.93	201.83	0	0	0		pla-243038	7	0	169.9	1	31.93
1799749	1799751	3	desktop	81	1795888	RS	Uruguaiana	Rio Grande do Sul (interiorII)-448	603	24	21.9	21.9	21.9	21.9	20.05	20.05	41.95	0	0	0		pla-243038	5	0	21.9	1	20.05
1799816	1799817	7	desktop	0	1795934	SP	São Paulo	São Paulo (capital e regiäes metropolitanas)-409	609	6	1298	1298	1298	1298	148	148	1446	0	0	0		pla-1009688	18	0	1298	2	148
1800304	1800305	3	mobile	81	1775461	RJ	Itaboraí	Rio de Janeiro (capital e regiäes metropolitanas II)-444	601	7	1349	1349	1349	1349	278	278	1627	0	0	0		pla-217779	18	0	1349	1	278
1800596	1800597	7	mobile	69	1796467	SP	Osasco	São Paulo (capital e regiäes metropolitanas)-409	609	6	1499	1499	1499	1499	49.9	49.9	1548.9	0	0	0		pla-1000222	9	0	1499	1	49.9
1801071	1801072	7	desktop	73	1796631	RJ	Rio de Janeiro	Rio de Janeiro (capital e regiäes metropolitanas)-396	601	7	769.7	299.9	769.7	769.7	110.07	110.07	879.75	0.02	0	0		direto	7	0	299.9	1	41.54
1801071	1801072	7	desktop	73	1796631	RJ	Rio de Janeiro	Rio de Janeiro (capital e regiäes metropolitanas)-396	601	7	769.7	169.9	769.7	769.7	110.07	110.07	879.75	0.02	0	0		direto	7	0	169.9	1	27
1801071	1801072	7	desktop	73	1796631	RJ	Rio de Janeiro	Rio de Janeiro (capital e regiäes metropolitanas)-396	601	7	769.7	299.9	769.7	769.7	110.07	110.07	879.75	0.02	0	0		direto	7	0	299.9	1	41.54
1801588	1801590	3	mobile	81	1777710	RJ	Rio de Janeiro	Rio de Janeiro (capital e regiäes metropolitanas)-396	609	7	649	649	649	649	149	149	798	0	0	0		pla-281776	18	0	649	1	149
1801869	1801870	3	mobile	81	1797002	PR	Londrina	Paraná  (interior)-360	609	7	719.94	719.94	719.94	719.94	60.5	60.5	780.44	0	0	0		direto	13	0	719.94	6	60.5
1802168	1802170	3	desktop	81	1770146	PR	Curitiba	Paraná  (capital e regiäes metropolitanas)-359	601	7	139	139	139	139	25.9	25.9	164.9	0	0	0		ta08	25	0	139	1	25.9
1802187	1802189	3	desktop	81	1797449	RJ	Rio de Janeiro	Rio de Janeiro (capital e regiäes metropolitanas)-396	603	6	163.6	39.9	163.6	163.6	96.56	96.56	260.16	0	0	0		direto	7	0	39.9	1	13.17
1802187	1802189	3	desktop	81	1797449	RJ	Rio de Janeiro	Rio de Janeiro (capital e regiäes metropolitanas)-396	603	6	163.6	51.9	163.6	163.6	96.56	96.56	260.16	0	0	0		direto	7	0	51.9	1	35.11
1802187	1802189	3	desktop	81	1797449	RJ	Rio de Janeiro	Rio de Janeiro (capital e regiäes metropolitanas)-396	603	6	163.6	51.9	163.6	163.6	96.56	96.56	260.16	0	0	0		direto	7	0	51.9	1	35.11
1802187	1802189	3	desktop	81	1797449	RJ	Rio de Janeiro	Rio de Janeiro (capital e regiäes metropolitanas)-396	603	6	163.6	19.9	163.6	163.6	96.56	96.56	260.16	0	0	0		direto	7	0	19.9	1	13.17
1803751	1803752	3	desktop	81	1798608	RJ	Rio de Janeiro	Rio de Janeiro (capital e regiäes metropolitanas)-396	609	7	899	899	899	899	149	149	1048	0	0	0		""	18	0	899	1	149
1803841	1803842	3	mobile	81	1798659	RJ	Rio de Janeiro	Rio de Janeiro (capital e regiäes metropolitanas)-396	603	7	899	899	899	899	149	149	1048	0	0	0		rtbhouse-174976	18	0	899	1	149
1803867	1803868	3	mobile	81	1798486	RJ	Campos dos Goytacazes	Rio de Janeiro (interior)-397	609	7	849	849	849	849	199	199	1048	0	0	0		pla-269342	18	0	849	1	199
1803977	1803978	3	mobile	81	1798735	RJ	São João de Meriti	Rio de Janeiro (capital e regiäes metropolitanas)-396	610	7	899	899	899	899	49.9	49.9	948.9	106.92	0	0		pla-1000222	9	106.92	899	1	49.9
1804203	1804205	3	mobile	81	1798894	PR	Curitiba	Paraná  (capital e regiäes metropolitanas)-359	602	7	59.9	59.9	59.9	59.9	20.16	20.16	80.06	0	0	0		facebookdpa-283955	7	0	59.9	1	20.16
1804250	1804251	3	desktop	81	1798905	RJ	São João de Meriti	Rio de Janeiro (capital e regiäes metropolitanas)-396	609	7	649	649	649	649	179	179	828	0	0	0		pla-1008977	18	0	649	1	179
1804514	1804515	7	mobile	69	1799051	SP	Diadema	São Paulo (capital e regiäes metropolitanas)-409	0	29	849	849	849	849	109	109	958	0	0	0		pla-196329	18	0	849	1	109
1804798	1804799	3	desktop	81	1524217	RJ	Rio de Janeiro	Rio de Janeiro (capital e regiäes metropolitanas)-396	605	6	849	849	849	849	149	149	998	0	0	0		pla-210344	18	0	849	1	149
1804800	1804801	3	mobile	81	1100811	RJ	Rio de Janeiro	Rio de Janeiro (capital e regiäes metropolitanas)-396	0	29	649	649	649	649	149	149	798	0	0	0		direto	18	0	649	1	149
1805073	1805075	3	desktop	81	1799336	RS	Porto Alegre	Rio Grande do Sul (capital e regiäes metropolitanas)-401	604	24	169.9	169.9	169.9	169.9	31.93	31.93	201.83	0	0	0		bing-77446877231084	7	0	169.9	1	31.93
1805580	1805581	7	mobile	73	1799702	SP	São Paulo	São Paulo (capital e regiäes metropolitanas)-409	603	6	899	899	899	899	49.9	49.9	948.9	0	0	0		pla-1008977	9	0	899	1	49.9
1805732	1805733	3	desktop	81	1799850	BA	Lauro de Freitas	Bahia (capital e regiäes metropolitanas II)-430	603	7	169.92	169.92	169.92	169.92	68.4	68.4	238.32	0	0	0		direto	7	0	169.92	1	68.4
1806018	1806020	3	desktop	81	1799843	SP	Taboão da Serra	São Paulo (capital e regiäes metropolitanas)-409	609	7	899	899	899	899	49.9	49.9	948.9	0	0	0		20091554952	9	0	899	1	49.9
1806171	1806173	3	mobile	81	1762768	BA	Salvador	Bahia (capital e regiäes metropolitanas)-393	609	6	229	229	229	229	37.9	37.9	266.9	0	0	0		f023	25	0	229	1	37.9
1806366	1806367	3	desktop	81	1571192	RS	Triunfo	Rio Grande do Sul (interiorII)-448	609	6	479.96	479.96	479.96	479.96	60.5	60.5	540.46	0	0	0		direto	13	0	479.96	4	60.5
1806610	1806612	3	desktop	81	1359943	PR	Curitiba	Paraná  (capital e regiäes metropolitanas)-359	609	7	1439.88	1439.88	1439.88	1439.88	60.5	60.5	1500.38	0	0	0		direto	13	0	1439.88	12	60.5
1806610	1806613	3	desktop	81	1359943	PR	Curitiba	Paraná  (capital e regiäes metropolitanas)-359	609	7	45.8	45.8	45.8	45.8	20.16	20.16	65.96	0	0	0		direto	7	0	45.8	2	20.16
1806610	1806614	3	desktop	81	1359943	PR	Curitiba	Paraná  (capital e regiäes metropolitanas)-359	609	7	60	60	60	60	22.93	22.93	82.93	0	0	0		direto	42	0	60	1	22.93
1807080	1807081	3	desktop	81	1013001	PR	Curitiba	Paraná  (capital e regiäes metropolitanas)-359	601	7	60	60	60	60	22.93	22.93	82.93	0	0	0		rtbhouse-167467	42	0	60	1	22.93
1807411	1807412	3	mobile	81	1770972	MG	Pouso Alegre	Minas Gerais (interior II)-439	0	29	599.95	599.95	599.95	599.95	92.29	92.29	692.24	0	0	0		pla-214147	13	0	599.95	5	92.29
1807553	1807555	3	desktop	81	1681634	RS	Passo Fundo	Rio Grande do Sul (interior)-402	601	6	69.9	69.9	69.9	69.9	20.16	20.16	296.76	-206.7	206.7	206.7	VTI8743	VTI8743	7	0	69.9	1	20.16
1807556	1807557	3	desktop	81	1256986	RJ	São João de Meriti	Rio de Janeiro (capital e regiäes metropolitanas)-396	605	7	849	849	849	849	179	179	1028	0	0	0		direto	18	0	849	1	179
1807920	1807923	3	mobile	81	1770972	MG	Pouso Alegre	Minas Gerais (interior II)-439	0	29	599.95	599.95	599.95	599.95	92.29	92.29	692.24	0	0	0		direto	13	0	599.95	5	92.29
1807992	1807994	7	mobile	0	1731315	SP	São Paulo	São Paulo (capital e regiäes metropolitanas)-409	0	29	899	899	899	899	89	89	988	0	0	0		F012	18	0	899	1	89
1808142	1808143	3	desktop	81	1801328	RS	Alegrete	Rio Grande do Sul (interiorII)-448	603	24	156.8	104.9	156.8	156.8	40.32	40.32	197.12	0	0	0		rtbhouse-262835	7	0	104.9	1	20.16
1808142	1808143	3	desktop	81	1801328	RS	Alegrete	Rio Grande do Sul (interiorII)-448	603	24	156.8	51.9	156.8	156.8	40.32	40.32	197.12	0	0	0		rtbhouse-262835	7	0	51.9	1	20.16
1808301	1808302	3	desktop	81	1532727	MG	São Francisco	Minas Gerais (interior II)-439	609	7	1399	1399	1399	1399	219	219	1618	0	0	0		facebookdpa-186454	9	0	1399	1	219
1809033	1809034	7	mobile	69	1801826	SP	Mairiporã	São Paulo (capital e regiäes metropolitanas)-409	0	29	139.9	139.9	139.9	139.9	19.72	19.72	159.62	0	0	0		direto	10	0	139.9	1	19.72
1809073	1809074	3	desktop	81	1738096	SP	São Paulo	São Paulo (capital e regiäes metropolitanas)-409	607	7	649	649	649	649	89	89	738	0	0	0		rtbhouse-192095	18	0	649	1	89
1810055	1810056	3	mobile	81	1802448	RJ	Macaé	Rio de Janeiro (interior)-397	606	6	1399	1399	1399	1399	299	299	1698	0	0	0		direto	18	0	1399	1	299
1810291	1810293	3	desktop	81	1682762	RS	Novo Hamburgo	Rio Grande do Sul (capital e regiäes metropolitanas)-401	609	7	479.96	479.96	479.96	479.96	60.5	60.5	540.46	0	50.73	0	PFCALL2	AL01	13	0	479.96	4	60.5
1810338	1810339	3	desktop	81	1802580	MG	Belo Horizonte	Minas Gerais (capital e regiäes metropolitanas)-374	609	7	899	899	899	899	179	179	1078	0	0	0		pla-250819	18	0	899	1	179
1811325	1811326	3	desktop	81	1803194	RJ	Rio de Janeiro	Rio de Janeiro (capital e regiäes metropolitanas)-396	601	6	899	899	899	899	149	149	1048	0	0	0		pla-1008986	18	0	899	1	149
1811687	1811688	3	mobile	81	1803235	MG	Contagem	Minas Gerais (capital e regiäes metropolitanas)-374	607	7	1349	1349	1349	1349	199	199	1548	0	0	0		direto	18	0	1349	1	199
1811757	1811758	3	desktop	81	1803439	SP	São Paulo	São Paulo (capital e regiäes metropolitanas)-409	609	7	1349	1349	1349	1349	148	148	1497	0	0	0		pla-1008984	18	0	1349	1	148
1812549	1812550	7	mobile	69	1803911	SP	São Paulo	São Paulo (capital e regiäes metropolitanas)-409	609	7	849	849	849	849	89	89	938	0	0	0		pla-1008977	18	0	849	1	89
1812879	1812880	7	mobile	69	1804110	SP	São Paulo	São Paulo (capital e regiäes metropolitanas)-409	0	29	799	799	799	799	89	89	888	0	0	0		pla-1008987	18	0	799	1	89
1812977	1812978	7	mobile	69	1804159	RJ	Rio de Janeiro	Rio de Janeiro (capital e regiäes metropolitanas)-396	0	29	569	569	569	569	149	149	718	0	0	0		direto	18	0	569	1	149
1813202	1813204	3	desktop	81	1353513	MG	Belo Horizonte	Minas Gerais (capital e regiäes metropolitanas)-374	601	6	799	799	799	799	179	179	978	0	0	0		pla-276525	18	0	799	1	179
1814405	1814406	3	mobile	81	1546036	SP	São Paulo	São Paulo (capital e regiäes metropolitanas)-409	609	6	899	899	899	899	89	89	988	0	0	0		direto	18	0	899	1	89
1814798	1814800	3	desktop	81	1805284	SP	Santana de Parnaíba	São Paulo (capital e regiäes metropolitanas)-409	609	7	849	849	849	849	109	109	958	0	0	0		direto	18	0	849	1	109
1814935	1814936	3	desktop	81	487850	RS	Viamão	Rio Grande do Sul (capital e regiäes metropolitanas)-401	0	29	47.97	47.97	47.97	47.97	13.21	13.21	61.18	0	0	0		direto	42	0	47.97	3	13.21
1815053	1815055	3	desktop	81	1805432	SC	São José	Santa Catarina (capital e regiäes metropolitanas)-407	0	29	119.99	119.99	119.99	119.99	60.5	60.5	180.49	0	0	0		direto	13	0	119.99	1	60.5
1816181	1816182	3	mobile	81	1144504	RJ	Rio de Janeiro	Rio de Janeiro (capital e regiäes metropolitanas)-396	609	7	899	899	899	899	149	149	1048	0	0	0		pla-1009059	18	0	899	1	149
1816285	1816286	3	mobile	81	1806165	RJ	Duque de Caxias	Rio de Janeiro (capital e regiäes metropolitanas)-396	609	7	799	799	799	799	179	179	978	0	0	0		pla-223429	18	0	799	1	179
1816299	1816300	3	mobile	81	1806152	SP	São Paulo	São Paulo (capital e regiäes metropolitanas)-409	605	6	899	899	899	899	89	89	988	0	0	0		pla-1009059	18	0	899	1	89
1816583	1816584	3	mobile	81	1805960	MG	Belo Horizonte	Minas Gerais (capital e regiäes metropolitanas)-374	609	6	899	899	899	899	179	179	1078	0	0	0		criteo-207261	18	0	899	1	179
1816737	1816738	3	desktop	81	1806432	RJ	Rio de Janeiro	Rio de Janeiro (capital e regiäes metropolitanas)-396	601	9	799	799	799	799	149	149	948	0	0	0		pla-1008990	18	0	799	1	149
1817633	1817634	3	desktop	81	1623838	SP	São Paulo	São Paulo (capital e regiäes metropolitanas)-409	609	7	849	849	849	849	89	89	938	0	0	0		pla-1008977	18	0	849	1	89
1817685	1817686	7	mobile	69	1754740	SC	Caçador	Santa Catarina (interior II)-427	0	29	49.9	49.9	49.9	49.9	25.22	25.22	75.12	0	0	0		direto	25	0	49.9	1	25.22
1817818	1817820	3	desktop	81	1807022	RS	Canela	Rio Grande do Sul (interiorII)-448	609	7	959.6	219.9	959.6	959.6	127.72	127.72	1087.32	0	0	0		pla-265370	7	0	219.9	1	25.73
1817818	1817820	3	desktop	81	1807022	RS	Canela	Rio Grande do Sul (interiorII)-448	609	7	959.6	299.9	959.6	959.6	127.72	127.72	1087.32	0	0	0		pla-265370	7	0	299.9	1	38.13
1817818	1817820	3	desktop	81	1807022	RS	Canela	Rio Grande do Sul (interiorII)-448	609	7	959.6	219.9	959.6	959.6	127.72	127.72	1087.32	0	0	0		pla-265370	7	0	219.9	1	38.13
1817818	1817820	3	desktop	81	1807022	RS	Canela	Rio Grande do Sul (interiorII)-448	609	7	959.6	219.9	959.6	959.6	127.72	127.72	1087.32	0	0	0		pla-265370	7	0	219.9	1	25.73
1818008	1818010	3	mobile	81	1807126	PR	Foz do Iguaçu	Paraná  (interior)-360	0	29	150.8	85.9	150.8	150.8	41.3	41.3	192.1	0	0	0		facebookdpa-220461	5	0	85.9	1	23.34
1818008	1818010	3	mobile	81	1807126	PR	Foz do Iguaçu	Paraná  (interior)-360	0	29	150.8	64.9	150.8	150.8	41.3	41.3	192.1	0	0	0		facebookdpa-220461	5	0	64.9	1	17.96
1818890	1818891	1	mobile	0	1803911	SP	São Paulo	São Paulo (capital e regiäes metropolitanas)-409	609	7	849	849	849	849	89	89	938	0	0	0		pla-1008991	18	0	849	1	89
1819018	1819019	3	desktop	81	1800845	SP	São Paulo	São Paulo (capital e regiäes metropolitanas)-409	606	6	569	569	569	569	89	89	658	0	0	0		AL01	18	0	569	1	89
1819490	1819491	3	desktop	81	1807992	RJ	Armação dos Búzios	Rio de Janeiro (interior II)-445	603	7	849	849	849	849	199	199	1048	0	0	0		f031	18	0	849	1	199
1819710	1819711	3	desktop	81	1807955	RJ	Rio de Janeiro	Rio de Janeiro (capital e regiäes metropolitanas)-396	607	6	899	899	899	899	49.9	49.9	948.9	0	0	0		direto	9	0	899	1	49.9
1820585	1820586	3	mobile	81	1690897	SP	Itapevi	São Paulo (capital e regiäes metropolitanas)-409	609	6	849	849	849	849	140	140	989	0	0	0		pla-192139	18	0	849	1	140
1820917	1820918	3	mobile	81	1808819	PR	Toledo	Paraná  (interior II)-442	601	7	59.8	59.8	59.8	59.8	25.22	25.22	85.02	0	0	0		pla-175277	10	0	59.8	2	25.22
1820943	1820945	3	mobile	81	1715561	MA	São Luís	Maranhão (capital e regiäes metropolitanas)-389	0	29	469.8	299.9	469.8	469.8	160.56	160.56	630.36	0	0	0		dra-196318	7	0	299.9	1	95.86
1820943	1820945	3	mobile	81	1715561	MA	São Luís	Maranhão (capital e regiäes metropolitanas)-389	0	29	469.8	169.9	469.8	469.8	160.56	160.56	630.36	0	0	0		dra-196318	7	0	169.9	1	64.7
1820943	1820946	3	mobile	81	1715561	MA	São Luís	Maranhão (capital e regiäes metropolitanas)-389	0	29	29.9	29.9	29.9	29.9	60.41	60.41	90.31	0	0	0		dra-196318	5	0	29.9	1	60.41
1821095	1821096	1	desktop	0	715913	SP	São Paulo	São Paulo (capital e regiäes metropolitanas)-409	0	29	649	649	649	649	89	89	738	0	0	0		pla-1009688	18	0	649	1	89
1821101	1821102	3	mobile	81	1766749	RS	Porto Alegre	Rio Grande do Sul (capital e regiäes metropolitanas)-401	601	7	49.99	49.99	49.99	49.99	13.21	13.21	63.2	0	0	0		direto	42	0	49.99	1	13.21
1821183	1821184	1	mobile	0	1803911	SP	São Paulo	São Paulo (capital e regiäes metropolitanas)-409	602	7	849	849	849	849	89	89	938	0	0	0		pla-1008991	18	0	849	1	89
1821583	1821585	7	mobile	0	1797089	RJ	Volta Redonda	Rio de Janeiro (interior)-397	601	43	184.9	184.9	184.9	184.9	22.09	22.09	206.99	0	0	0		direto	10	0	184.9	1	22.09
1822218	1822219	7	desktop	73	1809595	SP	Jandira	São Paulo (capital e regiäes metropolitanas)-409	601	7	59.9	59.9	59.9	59.9	19.72	19.72	79.62	0	0	0		direto	10	0	59.9	1	19.72
1822222	1822223	3	desktop	81	1809598	RJ	Rio de Janeiro	Rio de Janeiro (capital e regiäes metropolitanas)-396	0	29	899	899	899	899	149	149	1048	0	0	0		pla-1008986	18	0	899	1	149
1822530	1822531	1	mobile	0	1809762	SP	São Paulo	São Paulo (capital e regiäes metropolitanas)-409	609	7	899	899	899	899	89	89	988	0	0	0		pla-1008977	18	0	899	1	89
1822646	1822648	7	desktop	73	1809856	CE	Fortaleza	Ceará  (capital e regiäes metropolitanas)-371	609	7	119.97	119.97	119.97	119.97	89.45	89.45	401.42	-192	0	0		direto	42	0	119.97	3	89.45
1823075	1823076	3	mobile	81	1810124	SP	São Bernardo do Campo	São Paulo (capital e regiäes metropolitanas)-409	609	6	799	799	799	799	109	109	908	0	0	0		direto	18	0	799	1	109
1823317	1823319	3	mobile	81	1809861	SP	São Paulo	São Paulo (capital e regiäes metropolitanas)-409	609	7	899	899	899	899	89	89	988	0	0	0		pla-250318	18	0	899	1	89
1823386	1823387	3	desktop	81	1802197	SP	São Paulo	São Paulo (capital e regiäes metropolitanas)-409	0	29	899	899	899	899	89	89	988	0	0	0		F029	18	0	899	1	89
1823494	1823495	3	desktop	81	1772180	SP	Bragança Paulista	São Paulo (interior)-410	609	43	899	899	899	899	160	160	1059	0	0	0		direto	18	0	899	1	160
1823552	1823554	3	mobile	81	1808501	RJ	Rio de Janeiro	Rio de Janeiro (capital e regiäes metropolitanas)-396	609	7	899	899	899	899	149	149	1048	0	0	0		pla-1009015	18	0	899	1	149
1823803	1823805	3	desktop	81	1810553	SC	Florianópolis	Santa Catarina (capital e regiäes metropolitanas)-407	601	7	119.99	119.99	119.99	119.99	60.5	60.5	180.49	0	0	0		dra-170297	13	0	119.99	1	60.5
1824306	1824307	3	desktop	81	1810792	RJ	Rio de Janeiro	Rio de Janeiro (capital e regiäes metropolitanas)-396	609	7	649	649	649	649	149	149	798	0	0	0		pla-1009688	18	0	649	1	149
1824732	1824734	7	desktop	0	255717	PR	São José dos Pinhais	Paraná  (capital e regiäes metropolitanas)-359	0	29	49.8	49.8	49.8	49.8	25.22	25.22	75.02	0	13.97	0		google	10	0	49.8	2	25.22
1825019	1825021	3	desktop	81	255717	PR	São José dos Pinhais	Paraná  (capital e regiäes metropolitanas)-359	0	29	49.8	49.8	49.8	49.8	25.22	25.22	75.02	0	13.97	0	O23KJ	j008	10	0	49.8	2	25.22
1825202	1825203	1	mobile	0	1811073	SP	Taubaté	São Paulo (interior)-410	604	7	849	849	849	849	140	140	989	0	0	0		dra-192095	18	0	849	1	140
1825602	1825603	3	mobile	81	1790281	SP	São Paulo	São Paulo (capital e regiäes metropolitanas)-409	609	7	799	799	799	799	89	89	888	0	0	0		pla-1008990	18	0	799	1	89
1825702	1825704	7	desktop	0	1811583	SP	Mogi das Cruzes	São Paulo (capital e regiäes metropolitanas)-409	609	43	449.1	39.9	449.1	449.1	181.44	181.44	630.54	0	0	0		F012	7	0	39.9	1	16.31
1825702	1825704	7	desktop	0	1811583	SP	Mogi das Cruzes	São Paulo (capital e regiäes metropolitanas)-409	609	43	449.1	49.9	449.1	449.1	181.44	181.44	630.54	0	0	0		F012	7	0	49.9	1	18.35
1825702	1825704	7	desktop	0	1811583	SP	Mogi das Cruzes	São Paulo (capital e regiäes metropolitanas)-409	609	43	449.1	59.9	449.1	449.1	181.44	181.44	630.54	0	0	0		F012	7	0	59.9	1	28.54
1825702	1825704	7	desktop	0	1811583	SP	Mogi das Cruzes	São Paulo (capital e regiäes metropolitanas)-409	609	43	449.1	49.9	449.1	449.1	181.44	181.44	630.54	0	0	0		F012	7	0	49.9	1	18.35
1825702	1825704	7	desktop	0	1811583	SP	Mogi das Cruzes	São Paulo (capital e regiäes metropolitanas)-409	609	43	449.1	39.9	449.1	449.1	181.44	181.44	630.54	0	0	0		F012	7	0	39.9	1	16.31
1825702	1825704	7	desktop	0	1811583	SP	Mogi das Cruzes	São Paulo (capital e regiäes metropolitanas)-409	609	43	449.1	59.9	449.1	449.1	181.44	181.44	630.54	0	0	0		F012	7	0	59.9	1	28.54
1825702	1825704	7	desktop	0	1811583	SP	Mogi das Cruzes	São Paulo (capital e regiäes metropolitanas)-409	609	43	449.1	49.9	449.1	449.1	181.44	181.44	630.54	0	0	0		F012	7	0	49.9	1	18.35
1825702	1825704	7	desktop	0	1811583	SP	Mogi das Cruzes	São Paulo (capital e regiäes metropolitanas)-409	609	43	449.1	49.9	449.1	449.1	181.44	181.44	630.54	0	0	0		F012	7	0	49.9	1	18.35
1825702	1825704	7	desktop	0	1811583	SP	Mogi das Cruzes	São Paulo (capital e regiäes metropolitanas)-409	609	43	449.1	49.9	449.1	449.1	181.44	181.44	630.54	0	0	0		F012	7	0	49.9	1	18.35
1826107	1826108	3	desktop	81	1811874	MG	Belo Horizonte	Minas Gerais (capital e regiäes metropolitanas)-374	603	43	144.98	109.99	144.98	144.98	50.36	50.36	195.34	0	0	0		direto	42	0	109.99	1	32.45
1826107	1826108	3	desktop	81	1811874	MG	Belo Horizonte	Minas Gerais (capital e regiäes metropolitanas)-374	603	43	144.98	34.99	144.98	144.98	50.36	50.36	195.34	0	0	0		direto	42	0	34.99	1	17.91
1826261	1826262	3	desktop	81	1811942	RJ	Tanguá	Rio de Janeiro (capital e regiäes metropolitanas II)-444	612	7	899	899	899	899	49.9	49.9	948.9	127.17	0	0		dra-259537	9	127.17	899	1	49.9
1827049	1827050	3	desktop	81	1812353	SP	Guarulhos	São Paulo (capital e regiäes metropolitanas)-409	606	6	849	849	849	849	109	109	958	0	0	0		direto	18	0	849	1	109
1827105	1827106	1	desktop	0	1812377	BA	Lauro de Freitas	Bahia (capital e regiäes metropolitanas II)-430	0	29	17.99	17.99	17.99	17.99	1152	1152	1169.99	0	0	0		bing-77446877231084	9	0	17.99	1	1152
1827113	1827114	1	desktop	0	1812400	SP	São Paulo	São Paulo (capital e regiäes metropolitanas)-409	0	29	17.99	17.99	17.99	17.99	49.9	49.9	67.89	0	0	0		direto	9	0	17.99	1	49.9
1827153	1827154	1	desktop	0	1607636	SP	São Paulo	São Paulo (capital e regiäes metropolitanas)-409	0	29	17.99	17.99	17.99	17.99	49.9	49.9	67.88	0.01	0	0		direto	9	0	17.99	1	49.9
1827621	1827622	3	desktop	81	1812655	SP	Americana	São Paulo (interior)-410	603	7	112.8	22.9	112.8	112.8	40.32	40.32	153.12	0	0	0		facebookdpa-280505	7	0	22.9	1	14.52
1827621	1827622	3	desktop	81	1812655	SP	Americana	São Paulo (interior)-410	603	7	112.8	89.9	112.8	112.8	40.32	40.32	153.12	0	0	0		facebookdpa-280505	7	0	89.9	1	25.8
1828708	1828709	3	desktop	81	1813192	RJ	Rio de Janeiro	Rio de Janeiro (capital e regiäes metropolitanas)-396	609	7	569	569	569	569	149	149	718	0	0	0		pla-1008977	18	0	569	1	149
1828775	1828777	3	desktop	81	1784301	MG	Belo Horizonte	Minas Gerais (capital e regiäes metropolitanas)-374	603	7	49.9	49.9	49.9	49.9	24.14	24.14	74.04	0	0	0		rtbhouse-253120	7	0	49.9	1	24.14
1828988	1828989	3	desktop	81	1813347	SP	São Paulo	São Paulo (capital e regiäes metropolitanas)-409	609	7	1298	1298	1298	1298	148	148	1446	0	0	0		direto	18	0	1298	2	148
1829279	1829280	7	desktop	73	1813477	SP	Guará	São Paulo (interior II) -411	601	7	289.9	289.9	289.9	289.9	25.22	25.22	315.11	0.01	0	0		direto	6	0	289.9	1	25.22
1829708	1829709	3	mobile	81	1806990	SP	Cotia	São Paulo (capital e regiäes metropolitanas)-409	609	7	569	569	569	569	109	109	678	0	0	0		direto	18	0	569	1	109
1830551	1830553	3	mobile	81	907396	RS	Passo Fundo	Rio Grande do Sul (interior)-402	609	7	219.9	219.9	219.9	219.9	31.93	31.93	251.83	0	0	0		pla-147104	7	0	219.9	1	31.93
1830604	1830605	1	desktop	0	1814314	RJ	Rio de Janeiro	Rio de Janeiro (capital e regiäes metropolitanas)-396	0	29	1349	1349	1349	1349	149	149	1498	0	0	0		pla-1009019	18	0	1349	1	149
1831186	1831188	3	desktop	81	1814687	SC	Jaraguá do Sul	Santa Catarina (interior)-408	609	6	29.9	29.9	29.9	29.9	16.04	16.04	45.94	0	0	0		jg04	10	0	29.9	1	16.04
1831558	1831560	1	desktop	0	1693578	SP	Guarulhos	São Paulo (capital e regiäes metropolitanas)-409	0	29	199.99	199.99	199.99	199.99	26.43	26.43	226.42	0	0	0		dra-279831	42	0	199.99	1	26.43
1831585	1831586	3	mobile	81	1814919	SP	Carapicuíba	São Paulo (capital e regiäes metropolitanas)-409	609	6	799	799	799	799	109	109	908	0	0	0		pla-207262	18	0	799	1	109
1831645	1831647	3	desktop	81	1814843	SP	Guarulhos	São Paulo (capital e regiäes metropolitanas)-409	0	29	1798	1798	1798	1798	198	198	1996	0	0	0		direto	18	0	1798	2	198
1832098	1832099	3	desktop	81	1815210	RJ	Queimados	Rio de Janeiro (capital e regiäes metropolitanas II)-444	609	7	699	699	699	699	179	179	878	0	0	0		pla-1009688	18	0	699	1	179
1832238	1832239	1	mobile	0	1813387	SP	São Bernardo do Campo	São Paulo (capital e regiäes metropolitanas)-409	0	29	999	999	999	999	109	109	1108	0	0	0		direto	18	0	999	1	109
1832308	1832310	3	desktop	81	1815268	SP	Guarulhos	São Paulo (capital e regiäes metropolitanas)-409	609	6	899	899	899	899	109	109	1008	0	0	0		direto	18	0	899	1	109
1832327	1832328	7	desktop	73	1815313	SP	Itapira	São Paulo (interior II) -411	605	7	569	569	569	569	160	160	729	0	0	0		google	18	0	569	1	160
1833752	1833754	3	desktop	81	1816092	RJ	Cabo Frio	Rio de Janeiro (interior)-397	609	7	969.7	389.9	969.7	969.7	78.56	78.56	1048.26	0	0	0		pla-216545	6	0	389.9	1	39.28
1833752	1833754	3	desktop	81	1816092	RJ	Cabo Frio	Rio de Janeiro (interior)-397	609	7	969.7	579.8	969.7	969.7	78.56	78.56	1048.26	0	0	0		pla-216545	6	0	579.8	2	39.28
1834457	1834458	3	mobile	81	1483005	SP	São Paulo	São Paulo (capital e regiäes metropolitanas)-409	604	7	169.9	169.9	169.9	169.9	31.93	31.93	201.83	0	0	0		direto	7	0	169.9	1	31.93
1834983	1834984	1	mobile	0	1816763	RJ	Angra dos Reis	Rio de Janeiro (capital e regiäes metropolitanas)-396	0	29	1998	1998	1998	1998	299	299	2297	0	0	0		pla-242974	18	0	1998	2	299
1835922	1835923	1	mobile	0	1817329	SP	São Paulo	São Paulo (capital e regiäes metropolitanas)-409	0	29	849	849	849	849	89	89	938	0	0	0		pla-279092	18	0	849	1	89
1836075	1836076	1	desktop	0	1814314	RJ	Rio de Janeiro	Rio de Janeiro (capital e regiäes metropolitanas)-396	0	29	1349	1349	1349	1349	149	149	1498	0	0	0		pla-1009019	18	0	1349	1	149
1836271	1836273	3	desktop	81	1817597	SP	Ribeirão Preto	São Paulo (interior)-410	604	7	169.9	169.9	169.9	169.9	31.93	31.93	201.83	0	0	0		facebookdpa-198079	7	0	169.9	1	31.93
1837302	1837303	2	desktop	0	1818186	SP	São Paulo	São Paulo (capital e regiäes metropolitanas)-409	609	7	899	899	899	899	89	89	988	0	0	0		direto	18	0	899	1	89
1837405	1837406	3	mobile	81	1818247	SP	Itapecerica da Serra	São Paulo (capital e regiäes metropolitanas)-409	603	6	799	799	799	799	140	140	939	0	0	0		pla-1008989	18	0	799	1	140
1837591	1837592	3	mobile	81	1796467	SP	Osasco	São Paulo (capital e regiäes metropolitanas)-409	609	7	1499	1499	1499	1499	49.9	49.9	1548.9	0	0	0		direto	9	0	1499	1	49.9
1837645	1837647	3	desktop	81	1817943	SC	Florianópolis	Santa Catarina (capital e regiäes metropolitanas)-407	609	7	39.9	39.9	39.9	39.9	14.52	14.52	54.42	0	0	0		direto	7	0	39.9	1	14.52
1838968	1838970	7	desktop	0	1819215	BA	Salvador	Bahia (capital e regiäes metropolitanas)-393	606	7	79.8	39.9	79.8	79.8	64	64	143.8	0	0	0		direto	25	0	39.9	1	32
1838968	1838970	7	desktop	0	1819215	BA	Salvador	Bahia (capital e regiäes metropolitanas)-393	606	7	79.8	39.9	79.8	79.8	64	64	143.8	0	0	0		direto	25	0	39.9	1	32
1838983	1838985	7	desktop	73	1819215	BA	Salvador	Bahia (capital e regiäes metropolitanas)-393	606	7	79.8	39.9	79.8	79.8	64	64	143.8	0	0	0		direto	25	0	39.9	1	32
1838983	1838985	7	desktop	73	1819215	BA	Salvador	Bahia (capital e regiäes metropolitanas)-393	606	7	79.8	39.9	79.8	79.8	64	64	143.8	0	0	0		direto	25	0	39.9	1	32
1839032	1839033	3	mobile	81	1819264	SP	São Paulo	São Paulo (capital e regiäes metropolitanas)-409	608	7	1349	1349	1349	1349	89	89	1438	0	0	0		pla-1008977	18	0	1349	1	89
1839364	1839365	3	desktop	81	760474	RJ	Rio de Janeiro	Rio de Janeiro (capital e regiäes metropolitanas)-396	603	7	699	699	699	699	149	149	848	0	0	0		pla-1009694	18	0	699	1	149
1840053	1840054	3	mobile	81	154294	RJ	Rio de Janeiro	Rio de Janeiro (capital e regiäes metropolitanas)-396	0	29	899	899	899	899	149	149	1048	0	0	0		direto	18	0	899	1	149
1840264	1840266	3	desktop	81	150679	SC	Navegantes	Santa Catarina (capital e regiäes metropolitanas II)-449	602	6	289.9	289.9	289.9	289.9	16.9	16.9	306.8	0	0	0		direto	6	0	289.9	1	16.9
1843140	1843141	1	desktop	0	1821874	ES	Serra	Esp¡rito Santo (interior)-381	0	29	89.97	89.97	89.97	89.97	38.4	38.4	128.37	0	0	0		direto	42	0	89.97	3	38.4
1843998	1843999	7	desktop	71	64282	SP	São Paulo	São Paulo (capital e regiäes metropolitanas)-409	0	29	899	899	899	899	89	89	988	0	0	0		j008	18	0	899	1	89
1844152	1844153	3	desktop	81	1800307	SP	São Paulo	São Paulo (capital e regiäes metropolitanas)-409	602	7	849	849	849	849	89	89	938	0	0	0		20091555432	18	0	849	1	89
1845318	1845320	3	mobile	81	1822982	SP	São Paulo	São Paulo (capital e regiäes metropolitanas)-409	601	6	569	569	569	569	89	89	658	0	0	0		pla-242734	18	0	569	1	89
1845637	1845639	3	desktop	81	1797839	SP	Sorocaba	São Paulo (interior)-410	609	6	629.9	629.9	629.9	629.9	29.07	29.07	658.97	0	0	0		pla-157958	6	0	629.9	1	29.07
1847632	1847633	1	mobile	0	1824645	RJ	Macaé	Rio de Janeiro (interior)-397	601	9	899	899	899	899	199	199	1098	0	0	0		direto	18	0	899	1	199
1847694	1847695	3	desktop	81	1824686	RJ	Rio de Janeiro	Rio de Janeiro (capital e regiäes metropolitanas)-396	0	29	849	849	849	849	149	149	998	0	0	0		direto	18	0	849	1	149
1848359	1848361	7	desktop	0	1786605	RJ	Rio de Janeiro	Rio de Janeiro (capital e regiäes metropolitanas)-396	0	29	8.9	8.9	8.9	8.9	18.77	18.77	11.34	16.33	174.68	0		f030	39	0	8.9	1	18.77
1849411	1849413	3	desktop	81	1768998	SP	São Paulo	São Paulo (capital e regiäes metropolitanas)-409	604	6	119.9	119.9	119.9	119.9	20.16	20.16	140.06	0	0	0		direto	7	0	119.9	1	20.16
1849456	1849458	3	desktop	81	1825287	MG	Belo Horizonte	Minas Gerais (capital e regiäes metropolitanas)-374	609	6	699	699	699	699	179	179	878	0	0	0		criteo-207258	18	0	699	1	179
1850014	1850015	2	desktop	0	1826027	RJ	São João da Barra	Rio de Janeiro (interior II)-445	610	7	1599	1599	1599	1599	219	219	1818	0	0	0		20091554952	9	0	1599	1	219
1850074	1850075	3	desktop	81	1825987	SP	São Paulo	São Paulo (capital e regiäes metropolitanas)-409	604	7	169.9	169.9	169.9	169.9	31.93	31.93	201.83	0	0	0		direto	7	0	169.9	1	31.93
1850280	1850282	3	desktop	81	1825089	DF	Brasília	Distrito Federal (capital e regiäes metropolitanas)-376	609	43	119.99	119.99	119.99	119.99	93.39	93.39	213.38	0	0	0		AL01	13	0	119.99	1	93.39
1850949	1850950	1	mobile	0	785303	MG	Vespasiano	Minas Gerais (capital e regiäes metropolitanas)-374	609	7	899	899	899	899	199	199	1098	0	0	0		direto	18	0	899	1	199
1851749	1851750	3	desktop	81	1726376	SP	São Paulo	São Paulo (capital e regiäes metropolitanas)-409	0	29	569	569	569	569	89	89	658	0	0	0		pla-1009689	18	0	569	1	89
1852113	1852115	7	mobile	0	1827214	SP	São Paulo	São Paulo (capital e regiäes metropolitanas)-409	0	29	699	699	699	699	89	89	788	0	0	0		pla-167488	18	0	699	1	89
1852268	1852269	3	mobile	81	1827215	SP	Osasco	São Paulo (capital e regiäes metropolitanas)-409	609	6	1349	1349	1349	1349	109	109	1458	0	0	0		facebookdpa-223428	18	0	1349	1	109
1852763	1852765	7	mobile	0	1827214	SP	São Paulo	São Paulo (capital e regiäes metropolitanas)-409	0	29	699	699	699	699	89	89	788	0	0	0		pla-167494	18	0	699	1	89
1852806	1852808	7	mobile	0	1827214	SP	São Paulo	São Paulo (capital e regiäes metropolitanas)-409	0	29	699	699	699	699	89	89	788	0	0	0		direto	18	0	699	1	89
1853131	1853132	1	mobile	0	1827765	SP	Campinas	São Paulo (interior)-410	0	29	399.9	399.9	399.9	399.9	31.93	31.93	431.83	0	0	0		direto	7	0	399.9	1	31.93
1853590	1853591	3	desktop	81	1827765	SP	Campinas	São Paulo (interior)-410	603	7	399.9	399.9	399.9	399.9	31.93	31.93	431.83	0	0	0		direto	7	0	399.9	1	31.93
1854456	1854457	3	desktop	81	1816977	SP	São Bernardo do Campo	São Paulo (capital e regiäes metropolitanas)-409	0	29	699	699	699	699	109	109	808	0	0	0		pla-145614	18	0	699	1	109
1854476	1854478	7	desktop	0	1638217	SP	Guarulhos	São Paulo (capital e regiäes metropolitanas)-409	609	7	699	699	699	699	109	109	808	0	0	0		dra-194338	18	0	699	1	109
1854535	1854536	3	desktop	81	1821369	SP	Pederneiras	São Paulo (interior II) -411	604	43	999	999	999	999	199	199	1198	0	0	0		rtbhouse-207260	18	0	999	1	199
1855227	1855228	1	desktop	0	1829028	SP	São Paulo	São Paulo (capital e regiäes metropolitanas)-409	0	29	699	699	699	699	89	89	788	0	0	0		rtbhouse-192095	18	0	699	1	89
1855803	1855804	2	desktop	0	1829340	ES	Serra	Esp¡rito Santo (interior)-381	601	7	299.49	299.49	299.49	299.49	69.41	69.41	368.9	0	0	0		direto	49	0	299.49	1	69.41
1857068	1857069	3	desktop	81	1830055	SP	São Paulo	São Paulo (capital e regiäes metropolitanas)-409	601	7	429.49	429.49	429.49	429.49	15.26	15.26	444.75	0	0	0		direto	49	0	429.49	1	15.26
1857374	1857375	3	desktop	81	1830246	SP	São Paulo	São Paulo (capital e regiäes metropolitanas)-409	0	29	999	999	999	999	89	89	1088	0	0	0		direto	18	0	999	1	89
1857386	1857387	3	desktop	81	1830170	RJ	Rio de Janeiro	Rio de Janeiro (capital e regiäes metropolitanas)-396	612	6	569	569	569	569	149	149	718	96.23	0	0		dra-201983	18	96.23	569	1	149
1857400	1857401	3	mobile	81	1814182	RJ	Rio de Janeiro	Rio de Janeiro (capital e regiäes metropolitanas)-396	0	29	999	999	999	999	149	149	1148	0	0	0		direto	18	0	999	1	149
1857406	1857407	3	desktop	81	1830249	SP	Novo Horizonte	São Paulo (interior II) -411	601	7	239.98	239.98	239.98	239.98	89.99	89.99	329.97	0	0	0		direto	13	0	239.98	2	89.99
1858604	1858605	3	desktop	81	1830201	RJ	Rio de Janeiro	Rio de Janeiro (capital e regiäes metropolitanas)-396	601	9	83.4	83.4	83.4	83.4	15.47	15.47	98.87	0	0	0		direto	36	0	83.4	6	15.47
1858690	1858691	1	mobile	0	1831051	RJ	Rio de Janeiro	Rio de Janeiro (capital e regiäes metropolitanas)-396	0	29	799	799	799	799	149	149	948	0	0	0		pla-1008990	18	0	799	1	149
1859154	1859156	7	desktop	69	1708834	SP	São Paulo	São Paulo (capital e regiäes metropolitanas)-409	0	29	299.8	149.9	299.8	299.8	52.86	52.86	352.66	0	0	0		dra-75930	5	0	149.9	1	26.43
1859154	1859156	7	desktop	69	1708834	SP	São Paulo	São Paulo (capital e regiäes metropolitanas)-409	0	29	299.8	149.9	299.8	299.8	52.86	52.86	352.66	0	0	0		dra-75930	5	0	149.9	1	26.43
1859229	1859230	3	desktop	81	1831384	SP	São Paulo	São Paulo (capital e regiäes metropolitanas)-409	0	29	699	699	699	699	89	89	788	0	0	0		pla-1009688	18	0	699	1	89
1859589	1859590	1	desktop	0	1829631	SP	Jacareí	São Paulo (interior)-410	601	6	23.99	23.99	23.99	23.99	22.93	22.93	46.92	0	0	0		direto	42	0	23.99	1	22.93
1859725	1859726	1	desktop	0	1829631	SP	Jacareí	São Paulo (interior)-410	601	6	23.99	23.99	23.99	23.99	22.93	22.93	46.92	0	0	0		direto	42	0	23.99	1	22.93
1860067	1860068	1	desktop	0	1831893	SP	Mogi Guaçu	São Paulo (interior II) -411	601	7	259.9	259.9	259.9	259.9	29.9	29.9	289.79	0.01	0	0		direto	25	0	259.9	1	29.9
1860494	1860495	1	mobile	0	1813387	SP	São Bernardo do Campo	São Paulo (capital e regiäes metropolitanas)-409	0	29	999	999	999	999	109	109	1108	0	0	0		direto	18	0	999	1	109
1861604	1861605	3	desktop	81	1813387	SP	São Bernardo do Campo	São Paulo (capital e regiäes metropolitanas)-409	601	9	999	999	999	999	109	109	1108	0	0	0		direto	18	0	999	1	109
1863459	1863461	3	desktop	81	1831493	RS	São Borja	Rio Grande do Sul (interiorII)-448	604	6	85.9	85.9	85.9	85.9	21.25	21.25	107.15	0	0	0		f031	5	0	85.9	1	21.25
1863558	1863559	2	desktop	0	1833843	SP	São Paulo	São Paulo (capital e regiäes metropolitanas)-409	606	6	699	699	699	699	89	89	788	0	0	0		direto	18	0	699	1	89
1864094	1864095	1	desktop	0	186204	PR	Curitiba	Paraná  (capital e regiäes metropolitanas)-359	0	29	899	899	899	899	459	459	1358	0	0	0		direto	9	0	899	1	459
1864846	1864847	1	mobile	0	1801826	SP	Mairiporã	São Paulo (capital e regiäes metropolitanas)-409	0	29	139.9	139.9	139.9	139.9	19.72	19.72	159.62	0	0	0		direto	10	0	139.9	1	19.72
1865246	1865248	1	mobile	0	1442719	SP	Catanduva	São Paulo (interior)-410	602	6	999	999	999	999	180	180	1179	0	0	0		criteo-195262	18	0	999	1	180
1866279	1866281	3	mobile	81	1835387	PR	Guaratuba	Paraná  (capital e regiäes metropolitanas II)-441	609	7	499	499	499	499	60.5	60.5	559.5	0	0	0		direto	13	0	499	1	60.5
1866447	1866449	7	mobile	76	1835585	SC	Itapema	Santa Catarina (capital e regiäes metropolitanas II)-449	605	7	131.8	65.9	131.8	131.8	47.8	47.8	179.6	0	0	0		post_29_11_homehome	25	0	65.9	1	23.9
1866447	1866449	7	mobile	76	1835585	SC	Itapema	Santa Catarina (capital e regiäes metropolitanas II)-449	605	7	131.8	65.9	131.8	131.8	47.8	47.8	179.6	0	0	0		post_29_11_homehome	25	0	65.9	1	23.9
1866522	1866523	1	mobile	0	1675004	AC	Rio Branco	Acre (capital e regiäes metropolitanas)-417	604	6	499.8	249.9	499.8	499.8	84.86	84.86	584.66	0	0	0		direto	25	0	249.9	1	42.43
1866522	1866523	1	mobile	0	1675004	AC	Rio Branco	Acre (capital e regiäes metropolitanas)-417	604	6	499.8	249.9	499.8	499.8	84.86	84.86	584.66	0	0	0		direto	25	0	249.9	1	42.43
1867280	1867281	3	desktop	81	1824483	SP	Salto	São Paulo (interior)-410	0	29	107.6	25.9	107.6	107.6	80.64	80.64	188.24	0	0	0		direto	7	0	25.9	1	21.99
1867280	1867281	3	desktop	81	1824483	SP	Salto	São Paulo (interior)-410	0	29	107.6	29.9	107.6	107.6	80.64	80.64	188.24	0	0	0		direto	7	0	29.9	1	14.66
1867280	1867281	3	desktop	81	1824483	SP	Salto	São Paulo (interior)-410	0	29	107.6	25.9	107.6	107.6	80.64	80.64	188.24	0	0	0		direto	7	0	25.9	1	21.99
1867280	1867281	3	desktop	81	1824483	SP	Salto	São Paulo (interior)-410	0	29	107.6	25.9	107.6	107.6	80.64	80.64	188.24	0	0	0		direto	7	0	25.9	1	21.99
1868019	1868021	3	desktop	81	1836420	PR	Curitiba	Paraná  (capital e regiäes metropolitanas)-359	608	6	99.9	99.9	99.9	99.9	20.16	20.16	120.06	0	0	0		direto	7	0	99.9	1	20.16
1868019	1868022	3	desktop	81	1836420	PR	Curitiba	Paraná  (capital e regiäes metropolitanas)-359	608	6	437.39	437.39	437.39	437.39	48	48	485.39	0	0	0		direto	50	0	437.39	1	48
1868429	1868431	3	desktop	81	1809935	PR	Curitiba	Paraná  (capital e regiäes metropolitanas)-359	604	7	119.99	119.99	119.99	119.99	60.5	60.5	180.49	0	0	0		""	13	0	119.99	1	60.5
1868457	1868458	7	desktop	0	1809935	PR	Curitiba	Paraná  (capital e regiäes metropolitanas)-359	603	7	119.99	119.99	119.99	119.99	60.5	60.5	180.49	0	0	0		direto	13	0	119.99	1	60.5
1868876	1868877	7	desktop	73	1719892	SP	São Paulo	São Paulo (capital e regiäes metropolitanas)-409	612	7	2599	2599	2599	2599	99	99	2698	361.58	0	0		dra-259537	9	361.58	2599	1	99
1868956	1868958	3	mobile	81	1776897	SP	Campinas	São Paulo (interior)-410	609	7	104.9	104.9	104.9	104.9	20.16	20.16	125.06	0	71.93	0	pfcall2	f023	7	0	104.9	1	20.16
1870116	1870117	3	desktop	81	1837639	RS	Canoas	Rio Grande do Sul (capital e regiäes metropolitanas)-401	607	24	319	319	319	319	31.93	31.93	350.93	0	0	0		pla-239078	7	0	319	1	31.93
1870550	1870551	3	desktop	81	1837879	RJ	Rio de Janeiro	Rio de Janeiro (capital e regiäes metropolitanas)-396	602	6	799	799	799	799	149	149	948	0	0	0		pla-1008990	18	0	799	1	149
1871214	1871215	1	mobile	0	1838207	RJ	Rio de Janeiro	Rio de Janeiro (capital e regiäes metropolitanas)-396	0	29	699	699	699	699	149	149	848	0	0	0		facebookdpa-221588	18	0	699	1	149
1871368	1871369	3	desktop	81	1608709	RS	São Leopoldo	Rio Grande do Sul (capital e regiäes metropolitanas)-401	0	29	59.8	59.8	59.8	59.8	25.22	25.22	85.02	0	0	0		dra-173807	10	0	59.8	2	25.22
1871630	1871632	3	desktop	81	1838380	ES	Vitória	Esp¡rito Santo (capital e regiäes metropolitanas)-382	603	6	51.96	51.96	51.96	51.96	56.6	56.6	108.56	0	0	0		pla-217254	42	0	51.96	4	56.6
1871981	1871983	3	desktop	81	1838653	RJ	Rio de Janeiro	Rio de Janeiro (capital e regiäes metropolitanas)-396	602	7	799	799	799	799	149	149	948	0	0	0		direto	18	0	799	1	149
1872698	1872699	1	mobile	0	1835161	MG	Vespasiano	Minas Gerais (capital e regiäes metropolitanas)-374	601	7	219.9	219.9	219.9	219.9	36.69	36.69	256.59	0	0	0		direto	7	0	219.9	1	36.69
1873152	1873153	3	mobile	81	1839410	SP	São Paulo	São Paulo (capital e regiäes metropolitanas)-409	603	7	899	899	899	899	89	89	988	0	0	0		facebookdpa-273344	18	0	899	1	89
1873156	1873157	1	mobile	0	1839420	SP	São Paulo	São Paulo (capital e regiäes metropolitanas)-409	0	29	1598	1598	1598	1598	148	148	1746	0	0	0		pla-183399	18	0	1598	2	148
1873282	1873283	3	mobile	81	1835161	MG	Vespasiano	Minas Gerais (capital e regiäes metropolitanas)-374	601	7	219.9	219.9	219.9	219.9	36.69	36.69	256.59	0	0	0		direto	7	0	219.9	1	36.69
1874036	1874038	7	desktop	73	1839916	ES	Vila Velha	Esp¡rito Santo (interior)-381	603	6	249.9	249.9	249.9	249.9	31.9	31.9	281.8	0	0	0		direto	25	0	249.9	1	31.9
1874055	1874056	3	mobile	81	1839888	MT	Rondonópolis	Mato Grosso (interior)-384	601	7	219.9	219.9	219.9	219.9	68.4	68.4	288.3	0	0	0		direto	7	0	219.9	1	68.4
1874300	1874302	7	desktop	0	1562409	BA	Salvador	Bahia (capital e regiäes metropolitanas)-393	609	24	59.9	59.9	59.9	59.9	29.59	29.59	89.49	0	41.19	0		f023	10	0	59.9	1	29.59
1874459	1874460	1	desktop	0	1840028	PI	Teresina	Piaui (capital e regiäes metropolitanas)-394	601	7	204.24	204.24	204.24	204.24	42.43	42.43	246.67	0	0	0		direto	19	0	204.24	1	42.43
1874583	1874584	1	desktop	0	1829036	MG	Contagem	Minas Gerais (capital e regiäes metropolitanas)-374	605	7	849	849	849	849	199	199	1048	0	0	0		F029	18	0	849	1	199
1874701	1874702	3	desktop	81	1840301	RJ	Volta Redonda	Rio de Janeiro (interior)-397	0	29	699	699	699	699	199	199	898	0	0	0		pla-266209	18	0	699	1	199
1874987	1874989	1	desktop	0	1827214	SP	São Paulo	São Paulo (capital e regiäes metropolitanas)-409	0	29	649	649	649	649	89	89	738	0	0	0		F029	18	0	649	1	89
1875367	1875368	1	mobile	0	1840636	RJ	Rio de Janeiro	Rio de Janeiro (capital e regiäes metropolitanas)-396	609	7	569	569	569	569	149	149	718	0	0	0		pla-162781	18	0	569	1	149
1875522	1875523	3	desktop	81	1840705	SP	São Paulo	São Paulo (capital e regiäes metropolitanas)-409	607	7	699	699	699	699	89	89	788	0	0	0		pla-1009688	18	0	699	1	89
1875707	1875708	3	desktop	81	1840834	SC	Joinville	Santa Catarina (interior)-408	0	29	779.94	779.94	779.94	779.94	60.5	60.5	840.44	0	0	0		dra-201082	13	0	779.94	1	60.5
1875945	1875947	3	desktop	81	1402808	MA	Sambaíba	Maranhão (interior)-379	609	6	418	229	418	418	161.86	161.86	579.86	0	0	0		ta08	25	0	229	1	88.29
1875945	1875947	3	desktop	81	1402808	MA	Sambaíba	Maranhão (interior)-379	609	6	418	189	418	418	161.86	161.86	579.86	0	0	0		ta08	25	0	189	1	73.57
1876325	1876326	3	desktop	81	1841152	MG	Brasilândia de Minas	Minas Gerais (interior II)-439	603	6	239.8	119.9	239.8	239.8	48.28	48.28	288.08	0	0	0		pla-284704	7	0	119.9	1	24.14
1876325	1876326	3	desktop	81	1841152	MG	Brasilândia de Minas	Minas Gerais (interior II)-439	603	6	239.8	119.9	239.8	239.8	48.28	48.28	288.08	0	0	0		pla-284704	7	0	119.9	1	24.14
1877390	1877391	3	desktop	81	1841746	PR	Abatiá	Paraná  (interior)-360	603	6	146.9	146.9	146.9	146.9	21.25	21.25	168.15	0	0	0		dra-167467	39	0	146.9	1	21.25
1877396	1877397	3	desktop	81	1617003	SP	Barueri	São Paulo (capital e regiäes metropolitanas)-409	612	7	1298	1298	1298	1298	198	198	1496	200.49	0	0		direto	18	200.49	1298	2	198
1877896	1877897	3	mobile	81	1822384	SP	Paulínia	São Paulo (interior)-410	604	6	999	999	999	999	160	160	1159	0	0	0		criteo-192111	18	0	999	1	160
1878716	1878717	1	mobile	0	1831916	SP	São Paulo	São Paulo (capital e regiäes metropolitanas)-409	609	6	1398	1398	1398	1398	148	148	1546	0	0	0		rtbhouse-207261	18	0	1398	2	148
1879270	1879271	1	mobile	0	1842837	SP	São Paulo	São Paulo (capital e regiäes metropolitanas)-409	612	7	2599	2599	2599	2599	99	99	2698	0	0	0		direto	9	0	2599	1	99
1879700	1879702	3	mobile	81	1773017	SP	São Paulo	São Paulo (capital e regiäes metropolitanas)-409	605	6	119.99	119.99	119.99	119.99	89.99	89.99	209.98	0	0	0		pla-195128	13	0	119.99	1	89.99
1880522	1880523	3	mobile	81	1840636	RJ	Rio de Janeiro	Rio de Janeiro (capital e regiäes metropolitanas)-396	609	6	569	569	569	569	149	149	718	0	0	0		direto	18	0	569	1	149
1880674	1880675	1	desktop	0	1843777	AC	Rio Branco	Acre (capital e regiäes metropolitanas)-417	602	7	289.9	289.9	289.9	289.9	42.43	42.43	332.33	0	0	0		direto	6	0	289.9	1	42.43
1880854	1880855	3	mobile	81	1324605	SP	São Paulo	São Paulo (capital e regiäes metropolitanas)-409	609	7	999	999	999	999	89	89	1088	0	0	0		post_29_11_homehome	18	0	999	1	89
1881196	1881197	1	desktop	0	1843777	AC	Rio Branco	Acre (capital e regiäes metropolitanas)-417	601	6	289.9	289.9	289.9	289.9	42.43	42.43	332.32	0.01	0	0		""	6	0	289.9	1	42.43
1881558	1881559	2	desktop	0	1843777	AC	Rio Branco	Acre (capital e regiäes metropolitanas)-417	601	7	289.9	289.9	289.9	289.9	42.43	42.43	332.32	0.01	0	0		""	6	0	289.9	1	42.43
1882756	1882757	3	desktop	81	1845054	RJ	Rio de Janeiro	Rio de Janeiro (capital e regiäes metropolitanas)-396	609	7	799	799	799	799	149	149	948	0	0	0		pla-1008990	18	0	799	1	149
1882812	1882813	3	mobile	81	1823065	SP	Itaquaquecetuba	São Paulo (capital e regiäes metropolitanas)-409	609	7	1399	1399	1399	1399	49.9	49.9	1448.9	0	0	0		pla-217779	9	0	1399	1	49.9
1883020	1883021	3	mobile	81	1773731	RS	Porto Alegre	Rio Grande do Sul (capital e regiäes metropolitanas)-401	602	7	499	499	499	499	60.5	60.5	559.5	0	0	0		direto	13	0	499	1	60.5
1883212	1883214	1	desktop	0	1489261	SP	São Paulo	São Paulo (capital e regiäes metropolitanas)-409	601	7	999	999	999	999	89	89	1088	0	0	0		f023	18	0	999	1	89
1883259	1883261	3	desktop	81	1845112	SP	São Paulo	São Paulo (capital e regiäes metropolitanas)-409	609	7	699	699	699	699	89	89	788	0	0	0		pla-169472	18	0	699	1	89
1883568	1883570	3	mobile	81	1845574	RJ	Rio de Janeiro	Rio de Janeiro (capital e regiäes metropolitanas)-396	609	6	999	999	999	999	149	149	1148	0	0	0		pla-217779	18	0	999	1	149
1884046	1884047	3	mobile	81	1844770	SP	São Paulo	São Paulo (capital e regiäes metropolitanas)-409	609	6	999	999	999	999	89	89	1088	0	0	0		pla-192098	18	0	999	1	89
1884102	1884103	1	mobile	0	1715414	SP	Praia Grande	São Paulo (interior)-410	606	7	899	899	899	899	150	150	1049	0	0	0		dra-279832	18	0	899	1	150
1884478	1884479	1	mobile	0	1715414	SP	Praia Grande	São Paulo (interior)-410	605	7	899	899	899	899	150	150	1049	0	0	0		""	18	0	899	1	150
1884552	1884553	3	mobile	81	1846270	SP	São Paulo	São Paulo (capital e regiäes metropolitanas)-409	609	7	899	899	899	899	89	89	988	0	0	0		direto	18	0	899	1	89
1884840	1884842	2	desktop	0	1846447	SP	Itupeva	São Paulo (interior II) -411	601	6	234.9	234.9	234.9	234.9	29.07	29.07	263.97	0	0	0		direto	10	0	234.9	1	29.07
1886105	1886106	1	desktop	0	1847251	SP	Santos	São Paulo (interior)-410	602	7	167.9	167.9	167.9	167.9	25.22	25.22	193.12	0	0	0		direto	39	0	167.9	1	25.22
1886217	1886218	3	desktop	81	1847251	SP	Santos	São Paulo (interior)-410	602	7	167.9	167.9	167.9	167.9	25.22	25.22	193.12	0	0	0		direto	39	0	167.9	1	25.22
1886583	1886585	3	desktop	81	1846840	DF	Brasília	Distrito Federal (capital e regiäes metropolitanas)-376	608	6	165.96	44.97	165.96	165.96	113.8	113.8	279.76	0	0	0		zanox	42	0	44.97	3	28.45
1886583	1886585	3	desktop	81	1846840	DF	Brasília	Distrito Federal (capital e regiäes metropolitanas)-376	608	6	165.96	120.99	165.96	165.96	113.8	113.8	279.76	0	0	0		zanox	42	0	120.99	1	85.35
1886700	1886702	3	mobile	81	1843773	SP	Campinas	São Paulo (interior)-410	605	6	899	899	899	899	160	160	1059	0	0	0		facebookdpa-207262	18	0	899	1	160
1886957	1886959	3	desktop	81	189677	SP	São Paulo	São Paulo (capital e regiäes metropolitanas)-409	601	6	29.99	29.99	29.99	29.99	18.23	18.23	48.22	0	0	0		pla-233915	42	0	29.99	1	18.23
1887248	1887250	3	mobile	81	1847948	SP	Carapicuíba	São Paulo (capital e regiäes metropolitanas)-409	609	6	25.9	25.9	25.9	25.9	16.75	16.75	42.65	0	0	0		pla-217784	39	0	25.9	1	16.75
1887324	1887325	7	desktop	73	1847949	SP	Itupeva	São Paulo (interior II) -411	601	7	569	569	569	569	160	160	729	0	0	0		direto	18	0	569	1	160
1887436	1887438	3	mobile	81	1813593	RJ	Barra do Piraí	Rio de Janeiro (interior II)-445	609	7	1499	1499	1499	1499	219	219	1718	0	0	0		ta08	9	0	1499	1	219
1889554	1889556	7	desktop	73	1849326	SP	São José do Rio Preto	São Paulo (interior)-410	610	6	289.9	289.9	289.9	289.9	29.07	29.07	318.97	35.94	0	0		direto	6	35.94	289.9	1	29.07
1889975	1889976	3	desktop	81	1849635	RJ	Rio de Janeiro	Rio de Janeiro (capital e regiäes metropolitanas)-396	612	7	649	649	649	649	149	149	798	106.95	0	0		pla-1008990	18	106.95	649	1	149
1889991	1889992	1	desktop	0	1849611	BA	Salvador	Bahia (capital e regiäes metropolitanas)-393	601	6	429.49	429.49	429.49	429.49	63.78	63.78	493.27	0	0	0		direto	49	0	429.49	1	63.78
1893271	1893272	7	mobile	73	1851517	SP	São Paulo	São Paulo (capital e regiäes metropolitanas)-409	603	6	699	699	699	699	89	89	788	0	0	0		pla-1009688	18	0	699	1	89
1893475	1893477	3	desktop	81	1829522	SC	Florianópolis	Santa Catarina (capital e regiäes metropolitanas)-407	601	6	89.9	89.9	89.9	89.9	16.9	16.9	106.8	0	0	0		""	5	0	89.9	1	16.9
1893627	1893628	1	desktop	0	1851734	BA	Conceição do Jacuípe	Bahia (capital e regiäes metropolitanas II)-430	612	6	29000	29000	29000	29000	80	80	29080	3897.26	0	0		direto	94	3897.26	29000	1	80
1893875	1893876	1	mobile	0	1166574	BA	Salvador	Bahia (capital e regiäes metropolitanas)-393	0	29	756.2	756.2	756.2	756.2	135.19	135.19	891.39	0	0	0		direto	13	0	756.2	4	135.19
1894007	1894008	3	mobile	81	1718099	DF	Brasília	Distrito Federal (capital e regiäes metropolitanas)-376	0	29	219.9	219.9	219.9	219.9	52.67	52.67	272.57	0	0	0		direto	7	0	219.9	1	52.67
1895660	1895662	3	desktop	81	1827480	SP	São Paulo	São Paulo (capital e regiäes metropolitanas)-409	608	7	89.8	29.9	89.8	89.8	40.32	40.32	130.12	0	0	0		direto	7	0	29.9	1	21.5
1895660	1895662	3	desktop	81	1827480	SP	São Paulo	São Paulo (capital e regiäes metropolitanas)-409	608	7	89.8	59.9	89.8	89.8	40.32	40.32	130.12	0	0	0		direto	7	0	59.9	1	18.82
1895913	1895915	3	desktop	81	1850561	RJ	Cabo Frio	Rio de Janeiro (interior II)-445	604	9	223.4	25.9	223.4	223.4	144.84	144.84	368.24	0	0	0		TA06	7	0	25.9	1	19.75
1895913	1895915	3	desktop	81	1850561	RJ	Cabo Frio	Rio de Janeiro (interior II)-445	604	9	223.4	29.9	223.4	223.4	144.84	144.84	368.24	0	0	0		TA06	7	0	29.9	1	26.33
1895913	1895915	3	desktop	81	1850561	RJ	Cabo Frio	Rio de Janeiro (interior II)-445	604	9	223.4	25.9	223.4	223.4	144.84	144.84	368.24	0	0	0		TA06	7	0	25.9	1	19.75
1895913	1895915	3	desktop	81	1850561	RJ	Cabo Frio	Rio de Janeiro (interior II)-445	604	9	223.4	51.9	223.4	223.4	144.84	144.84	368.24	0	0	0		TA06	7	0	51.9	1	39.5
1895913	1895915	3	desktop	81	1850561	RJ	Cabo Frio	Rio de Janeiro (interior II)-445	604	9	223.4	29.9	223.4	223.4	144.84	144.84	368.24	0	0	0		TA06	7	0	29.9	1	13.17
1895913	1895915	3	desktop	81	1850561	RJ	Cabo Frio	Rio de Janeiro (interior II)-445	604	9	223.4	59.9	223.4	223.4	144.84	144.84	368.24	0	0	0		TA06	7	0	59.9	1	26.33
1895913	1895916	3	desktop	81	1850561	RJ	Cabo Frio	Rio de Janeiro (interior II)-445	604	9	149.9	149.9	149.9	149.9	34.1	34.1	184	0	0	0		TA06	10	0	149.9	1	34.1
1895913	1895917	3	desktop	81	1850561	RJ	Cabo Frio	Rio de Janeiro (interior II)-445	604	9	29.9	29.9	29.9	29.9	24.27	24.27	54.17	0	0	0		TA06	5	0	29.9	1	24.27
1896720	1896721	1	desktop	0	1851517	SP	Adamantina	São Paulo (capital e regiäes metropolitanas)-409	0	29	699	699	699	699	89	89	788	0	0	0		direto	18	0	699	1	89
1897038	1897040	7	desktop	0	1647787	MG	Viçosa	Minas Gerais (interior II)-439	609	9	259.8	89.9	259.8	259.8	81.8	81.8	341.6	0	0	0		PR01	25	0	89.9	1	34.08
1897038	1897040	7	desktop	0	1647787	MG	Viçosa	Minas Gerais (interior II)-439	609	9	259.8	169.9	259.8	259.8	81.8	81.8	341.6	0	0	0		PR01	25	0	169.9	1	47.72
1897107	1897109	3	desktop	81	1113207	SP	São Paulo	São Paulo (capital e regiäes metropolitanas)-409	601	6	119.9	119.9	119.9	119.9	20.16	20.16	900.97	-760.91	756.65	756.65	VT1855766	PB01	7	0	119.9	1	20.16
1897896	1897898	3	desktop	81	1854214	MT	Campo Novo do Parecis	Mato Grosso (interior II)-436	609	6	54.99	54.99	54.99	54.99	56.9	56.9	111.89	0	0	0		direto	42	0	54.99	1	56.9
1899466	1899467	1	desktop	0	1839825	SC	Rio do Sul	Santa Catarina (interior II)-427	0	29	139.9	139.9	139.9	139.9	1.99	1.99	141.89	0	0	0		direto	116	0	139.9	1	1.99
1900636	1900637	3	desktop	81	1824626	RJ	Arraial do Cabo	Rio de Janeiro (interior II)-445	609	7	699	699	699	699	199	199	898	0	0	0		Mailhub-56985	18	0	699	1	199
1901617	1901618	1	desktop	0	1856308	RJ	São João de Meriti	Rio de Janeiro (capital e regiäes metropolitanas)-396	612	7	1449	1449	1449	1449	278	278	1727	231.45	0	0		direto	18	231.45	1449	1	278
1901987	1901988	1	mobile	0	1856556	AL	Maceió	Alagoas (capital e regiäes metropolitanas)-369	601	6	280	280	280	280	48.47	48.47	328.47	0	0	0		direto	19	0	280	1	48.47
1902721	1902723	1	mobile	0	1846727	SP	Araçatuba	São Paulo (interior)-410	0	29	54.99	54.99	54.99	54.99	22.93	22.93	77.92	0	0	0		direto	42	0	54.99	1	22.93
1903118	1903120	3	desktop	81	1857078	SP	São Paulo	São Paulo (capital e regiäes metropolitanas)-409	609	7	679.96	679.96	679.96	679.96	89.99	89.99	769.95	0	0	0		direto	13	0	679.96	2	89.99
1903157	1903158	1	mobile	0	1857205	RJ	Rio de Janeiro	Rio de Janeiro (capital e regiäes metropolitanas)-396	0	29	699	699	699	699	149	149	848	0	0	0		facebookdpa-207262	18	0	699	1	149
1903349	1903350	3	desktop	81	1857350	MA	Imperatriz	Maranhão (interior)-379	608	6	429.49	429.49	429.49	429.49	135.92	135.92	565.41	0	0	0		direto	49	0	429.49	1	135.92
1903580	1903581	3	mobile	81	1275721	SP	São Paulo	São Paulo (capital e regiäes metropolitanas)-409	0	29	639	639	639	639	49.9	49.9	688.9	0	0	0		pla-191903	9	0	639	1	49.9
1904102	1904104	3	desktop	81	1857768	PR	Arapoti	Paraná  (interior II)-442	608	6	199.9	199.9	199.9	199.9	25.22	25.22	225.12	0	0	0		direto	10	0	199.9	1	25.22
1904237	1904239	1	desktop	0	1848531	PR	Curitiba	Paraná  (capital e regiäes metropolitanas)-359	0	29	59.9	59.9	59.9	59.9	19.72	19.72	79.62	0	0	0		direto	10	0	59.9	1	19.72
1904237	1904240	1	desktop	0	1848531	PR	Curitiba	Paraná  (capital e regiäes metropolitanas)-359	0	29	249.9	249.9	249.9	249.9	25.9	25.9	275.8	0	0	0		direto	25	0	249.9	1	25.9
1904841	1904843	3	desktop	81	1826798	SP	São Paulo	São Paulo (capital e regiäes metropolitanas)-409	601	7	129	129	129	129	21.9	21.9	150.9	0	0	0		direto	25	0	129	1	21.9
1905206	1905207	1	mobile	0	1858490	SP	Carapicuíba	São Paulo (capital e regiäes metropolitanas)-409	0	29	125.8	125.8	125.8	125.8	19.72	19.72	145.52	0	0	0		facebook_08_05_chat	39	0	125.8	2	19.72
1905332	1905334	7	mobile	0	1061625	SP	Itu	São Paulo (interior)-410	605	7	699	699	699	699	160	160	859	0	0	0		pla-279818	18	0	699	1	160
1905533	1905534	3	desktop	81	1858611	SP	São Paulo	São Paulo (capital e regiäes metropolitanas)-409	606	6	999	999	999	999	89	89	1088	0	0	0		pla-1009059	18	0	999	1	89
1905680	1905681	7	desktop	73	1858789	SP	Limeira	São Paulo (interior)-410	606	7	1349	1349	1349	1349	160	160	1509	0	0	0		pla-196329	18	0	1349	1	160
1905794	1905795	3	mobile	81	1853450	SP	Diadema	São Paulo (capital e regiäes metropolitanas)-409	609	6	1349	1349	1349	1349	109	109	1458	0	0	0		pla-169245	18	0	1349	1	109
1906100	1906101	1	mobile	0	1859048	MG	Belo Horizonte	Minas Gerais (capital e regiäes metropolitanas)-374	0	29	999	999	999	999	179	179	1178	0	0	0		pla-191904	18	0	999	1	179
1906561	1906563	3	desktop	81	1859312	RJ	Rio de Janeiro	Rio de Janeiro (capital e regiäes metropolitanas)-396	610	6	198.9	198.9	198.9	198.9	25.9	25.9	224.8	25.33	0	0		direto	29	25.33	198.9	1	25.9
1906707	1906708	3	desktop	81	1859387	RJ	Macaé	Rio de Janeiro (interior)-397	601	7	59.9	59.9	59.9	59.9	24.14	24.14	84.04	0	0	0		direto	7	0	59.9	1	24.14
1906927	1906928	1	desktop	0	1859063	MG	Jacutinga	Minas Gerais (interior II)-439	604	7	169	169	169	169	44.9	44.9	213.9	0	0	0		pla-185358	25	0	169	1	44.9
1907055	1907057	2	desktop	0	1859592	RJ	Seropédica	Rio de Janeiro (capital e regiäes metropolitanas II)-444	607	6	299.49	299.49	299.49	299.49	69.41	69.41	368.9	0	0	0		direto	49	0	299.49	1	69.41
1908104	1908105	1	desktop	0	1851156	SP	São Paulo	São Paulo (capital e regiäes metropolitanas)-409	0	29	569	569	569	569	89	89	658	0	0	0		pla-1009689	18	0	569	1	89
1908614	1908615	3	desktop	81	1860465	SP	São Paulo	São Paulo (capital e regiäes metropolitanas)-409	606	6	309.9	309.9	309.9	309.9	31.93	31.93	341.83	0	0	0		direto	7	0	309.9	1	31.93
1909156	1909158	3	desktop	81	1855466	SP	Americana	São Paulo (interior)-410	609	7	569	569	569	569	160	160	729	0	0	0		TA06	18	0	569	1	160
1910021	1910023	3	mobile	81	1861291	SP	Louveira	São Paulo (interior II) -411	609	7	45.9	45.9	45.9	45.9	22.9	22.9	68.8	0	0	0		pla-174076	25	0	45.9	1	22.9
1910548	1910549	3	desktop	81	1861606	SP	São Paulo	São Paulo (capital e regiäes metropolitanas)-409	609	6	849	849	849	849	89	89	938	0	0	0		pla-1008990	18	0	849	1	89
1911136	1911138	3	mobile	81	1725898	PA	Belém	Pará (capital e regiäes metropolitanas)-362	606	7	139.9	139.9	139.9	139.9	43.4	43.4	183.3	0	0	0		facebookdpa-263691	25	0	139.9	1	43.4
