1629886	MadeiraMadeira	3	desktop	81	82608	SP	São Paulo	São Paulo (capital e regiäes metropolitanas)-409	601	Cartão de crédito - Visa	2.19	4.99	7.18	0	1	0	2.19	0		direto	3	0
1661055	MadeiraMadeira	3	desktop	81	186204	PR	Curitiba	Paraná  (capital e regiäes metropolitanas)-359	601	Cartão de crédito - Visa	119.99	60.5	180.49	0	1	0	119.99	0		direto	13	0
1661280	MadeiraMadeira	3	desktop	81	186204	PR	Curitiba	Paraná  (capital e regiäes metropolitanas)-359	603	Cartão de crédito - Visa	399.9	24.95	424.85	0	1	0	399.9	0		direto	7	0
1675292	MadeiraMadeira	3	mobile	81	186204	PR	Curitiba	Paraná  (capital e regiäes metropolitanas)-359	601	Cartão de crédito - Mastercard	119.99	60.5	180.49	0	1	0	119.99	0		pla-188611	13	0
1677375	MadeiraMadeira	3	mobile	81	1721394	SP	São Caetano do Sul	São Paulo (capital e regiäes metropolitanas)-409	604	Cartão de crédito - Mastercard	1599	49.9	1648.9	0	1	0	1599	0		pla-205004	9	0
1683445	MadeiraMadeira	3	desktop	81	116804	SP	Osasco	São Paulo (capital e regiäes metropolitanas)-409	609	Cartão de crédito - Mastercard	899	49.9	948.9	0	1	0	899	0		direto	9	0
1685185	MadeiraMadeira	3	desktop	81	1637305	PE	Recife	Pernambuco (capital e regiäes metropolitanas)-367	601	Cartão de crédito - Mastercard	499	160.49	659.49	0	1	0	499	0		f027	13	0
1685996	MadeiraMadeira	3	desktop	81	1457943	SP	Cotia	São Paulo (capital e regiäes metropolitanas)-409	609	Cartão de crédito - Visa	899	49.9	948.9	0	1	0	899	0		dra-276471	9	0
1689354	MadeiraMadeira	3	mobile	81	1729112	PR	Curitiba	Paraná  (capital e regiäes metropolitanas)-359	609	Cartão de crédito - Visa	719.94	60.5	780.44	0	6	0	719.94	0		pla-277782	13	0
1690067	MadeiraMadeira	3	mobile	81	1729610	RJ	Rio de Janeiro	Rio de Janeiro (capital e regiäes metropolitanas)-396	609	Cartão de crédito - Amex	899	49.9	948.9	0	1	0	899	0		pla-146894	9	0
1690902	MadeiraMadeira	3	mobile	81	1725391	MG	Belo Horizonte	Minas Gerais (capital e regiäes metropolitanas)-374	601	Cartão de crédito - Visa	1599	49.9	1648.9	0	1	0	1599	0		pla-223430	9	0
1692902	MadeiraMadeira	3	desktop	81	1730648	SP	Santo André	São Paulo (capital e regiäes metropolitanas)-409	607	Cartão de crédito - Mastercard	1499	49.9	1548.9	0	1	0	1499	0		direto	9	0
1693720	MadeiraMadeira	3	mobile	81	1732123	RS	Santa Cruz do Sul	Rio Grande do Sul (interior)-402	603	Cartão de crédito - Mastercard	64.9	25.22	90.12	3.61	1	0	64.9	0		direto	10	3.61
1696303	MadeiraMadeira	3	desktop	81	25949	MG	Juiz de Fora	Minas Gerais (interior)-364	0	Boleto	499	92.29	591.29	0	1	0	499	0		""	13	0
1697708	MadeiraMadeira	3	desktop	81	1734603	SC	Blumenau	Santa Catarina (interior)-408	0	Boleto	479.96	60.5	540.46	0	4	0	479.96	0		58454	13	0
1699459	MadeiraMadeira	3	desktop	81	1735651	PR	São José dos Pinhais	Paraná  (capital e regiäes metropolitanas)-359	0	Boleto	239.98	60.5	300.48	0	2	0	239.98	0		direto	13	0
1699742	MadeiraMadeira	3	desktop	81	988526	RJ	São Gonçalo	Rio de Janeiro (capital e regiäes metropolitanas)-396	609	Cartão de crédito - Mastercard	899	49.9	948.9	0	1	0	899	0		pla-1000213	9	0
1701847	MadeiraMadeira	3	desktop	81	1593820	BA	Salvador	Bahia (capital e regiäes metropolitanas)-393	602	Cartão de crédito - Hipercard	29.9	26.93	56.83	0	1	0	29.9	0		pla-206127	10	0
1701926	MadeiraMadeira	3	mobile	81	1711873	SP	Diadema	São Paulo (capital e regiäes metropolitanas)-409	602	Cartão de crédito - Mastercard	299.9	31.93	331.83	0	1	0	299.9	0		pla-254257	7	0
1702603	MadeiraMadeira	3	desktop	81	186204	PR	Curitiba	Paraná  (capital e regiäes metropolitanas)-359	601	Cartão de crédito - Mastercard	2.49	36.89	39.38	0	1	0	2.49	0		direto	3	0
1703967	MadeiraMadeira	3	desktop	81	1592596	SP	São Paulo	São Paulo (capital e regiäes metropolitanas)-409	601	Cartão de crédito - Mastercard	89.9	20.16	631.78	-521.72	1	625.8	89.9	625.8	VTI0F0F	F031	7	0
1704422	MadeiraMadeira	3	desktop	81	1738568	SP	São Paulo	São Paulo (capital e regiäes metropolitanas)-409	609	Cartão de crédito - Visa	899	49.9	948.9	0	1	0	899	0		dra-263739	9	0
1704738	MadeiraMadeira	3	mobile	81	188088	GO	Goiânia	Goias (interior)-388	609	Cartão de crédito - Visa	21.9	55.93	77.83	0	4	0	109.6	0		pla-214147	5	0
1708179	MadeiraMadeira	3	mobile	81	1715038	RS	Porto Alegre	Rio Grande do Sul (capital e regiäes metropolitanas)-401	606	Cartão de crédito - Mastercard	239.98	60.5	300.48	0	2	0	239.98	0		direto	13	0
1711099	MadeiraMadeira	3	desktop	81	1742445	SP	São José dos Campos	São Paulo (interior)-410	603	Cartão de crédito - Mastercard	899	119	1018	0	1	0	899	0		pla-1000222	9	0
1712471	MadeiraMadeira	3	mobile	81	383225	RJ	Rio de Janeiro	Rio de Janeiro (capital e regiäes metropolitanas)-396	609	Cartão de crédito - Mastercard	1499	49.9	1548.9	0	1	0	1499	0		pla-1000222	9	0
1714713	MadeiraMadeira	3	desktop	81	647846	SP	Osasco	São Paulo (capital e regiäes metropolitanas)-409	603	Cartão de crédito - Mastercard	899	49.9	948.9	0	1	0	899	0		pla-243767	9	0
1715546	MadeiraMadeira	3	mobile	81	1745073	SP	São Paulo	São Paulo (capital e regiäes metropolitanas)-409	0	Boleto	119.99	89.99	209.98	0	1	0	119.99	0		pla-279091	13	0
1715555	MadeiraMadeira	3	desktop	81	1743277	MT	Campo Novo do Parecis	Mato Grosso (interior II)-436	609	Cartão de crédito - Visa	169.9	68.4	238.3	0	1	0	169.9	0		ta08	7	0
1716570	MadeiraMadeira	3	mobile	81	1745610	RJ	São João de Meriti	Rio de Janeiro (capital e regiäes metropolitanas)-396	0	Boleto	899	49.9	948.9	0	1	0	899	0		criteo-177672	9	0
1716708	MadeiraMadeira	3	desktop	81	1745687	MG	Bom Despacho	Minas Gerais (interior II)-439	609	Cartão de crédito - Mastercard	2399	299	2698	0	1	0	2399	0		direto	9	0
1720156	MadeiraMadeira	3	desktop	81	1747816	RJ	Rio de Janeiro	Rio de Janeiro (capital e regiäes metropolitanas)-396	609	Cartão de crédito - Visa	899	49.9	948.9	0	1	0	899	0		pla-1000222	9	0
1721063	MadeiraMadeira	3	mobile	81	1746795	PR	Curitiba	Paraná  (capital e regiäes metropolitanas)-359	603	Cartão de crédito - Visa	119.99	60.5	180.49	0	1	0	119.99	0		pla-194853	13	0
1723156	MadeiraMadeira	3	mobile	81	1749537	MG	Uberlândia	Minas Gerais (interior)-364	609	Cartão de crédito - Mastercard	139.9	24.14	164.04	0	1	0	139.9	0		direto	7	0
1723968	MadeiraMadeira	3	mobile	81	1739964	SP	São Paulo	São Paulo (capital e regiäes metropolitanas)-409	601	Cartão de crédito - Mastercard	100.6	72.92	173.52	0	4	0	100.6	0		direto	5	0
1726404	MadeiraMadeira	3	desktop	81	70401	PB	Piancó	Para¡ba (interior II)-440	608	Cartão de crédito - Visa	49.9	74	123.9	0	1	0	49.9	0		facebookdpa-285276	5	0
1728812	MadeiraMadeira	3	mobile	81	1137656	SP	Campinas	São Paulo (interior)-410	0	Boleto	99.9	20.16	120.06	0	1	0	99.9	0		facebookdpa-273946	7	0
1731652	MadeiraMadeira	3	mobile	81	1754403	SP	São Paulo	São Paulo (capital e regiäes metropolitanas)-409	608	Cartão de crédito - Mastercard	99.9	26.43	126.33	0	1	0	99.9	0		pla-239316	5	0
1731765	MadeiraMadeira	3	desktop	81	1377540	SP	São Paulo	São Paulo (capital e regiäes metropolitanas)-409	601	Cartão de crédito - Mastercard	39.9	20.16	1374.67	-1314.61	3	1353.51	279.88	1353.51	VT1346320	direto	7	0
1732954	MadeiraMadeira	3	desktop	81	1739300	RS	Caxias do Sul	Rio Grande do Sul (interior)-402	601	Cartão de crédito - Visa	119.99	60.5	180.49	0	1	0	119.99	0		direto	13	0
1733057	MadeiraMadeira	3	desktop	81	1565579	SP	Taubaté	São Paulo (interior)-410	606	Cartão de crédito - Mastercard	149.8	54.29	204.09	0	2	0	149.8	0		TA04	5	0
1733474	MadeiraMadeira	3	desktop	81	1756040	SP	Osasco	São Paulo (capital e regiäes metropolitanas)-409	609	Cartão de crédito - Mastercard	899	109	1008	0	1	0	899	0		direto	18	0
1735221	MadeiraMadeira	3	desktop	81	1634185	RJ	Rio de Janeiro	Rio de Janeiro (capital e regiäes metropolitanas)-396	609	Cartão de crédito - Mastercard	219.9	36.69	256.59	0	1	0	219.9	0		direto	7	0
1736828	MadeiraMadeira	3	desktop	81	1758147	SP	Sorocaba	São Paulo (interior)-410	603	Cartão de crédito - Mastercard	239.98	89.99	329.97	0	2	0	239.98	0		direto	13	0
1738815	MadeiraMadeira	3	mobile	81	1759339	PR	Maringá	Paraná  (interior)-360	606	Cartão de crédito - Visa	719.94	60.5	780.44	0	6	0	719.94	0		pla-157602	13	0
1738845	MadeiraMadeira	3	mobile	81	1759337	SP	São Paulo	São Paulo (capital e regiäes metropolitanas)-409	609	Cartão de crédito - Mastercard	899	49.9	948.9	0	1	0	899	0		pla-1000222	9	0
1740083	MadeiraMadeira	3	desktop	81	1746956	SP	São Paulo	São Paulo (capital e regiäes metropolitanas)-409	606	Cartão de crédito - Mastercard	119.9	22.93	142.83	0	1	0	119.9	0		zanox	5	0
1740120	MadeiraMadeira	3	desktop	81	1760075	PR	Foz do Iguaçu	Paraná  (interior)-360	609	Cartão de crédito - Mastercard	339.98	60.5	400.48	0	2	0	339.98	0		pla-263675	13	0
1742092	MadeiraMadeira	3	mobile	81	1761297	SP	Santo André	São Paulo (capital e regiäes metropolitanas)-409	606	Cartão de crédito - Mastercard	119.99	89.99	209.98	0	1	0	119.99	0		pla-269342	13	0
1743879	MadeiraMadeira	3	mobile	81	1761917	SP	Guarulhos	São Paulo (capital e regiäes metropolitanas)-409	612	Cartão de crédito - Mastercard	1499	49.9	1548.9	207.58	1	0	1499	0		direto	9	207.58
1744529	MadeiraMadeira	3	desktop	81	1762699	SP	São Paulo	São Paulo (capital e regiäes metropolitanas)-409	609	Cartão de crédito - Visa	899	49.9	948.9	0	3	0	2697	0		direto	9	0
1744535	MadeiraMadeira	3	desktop	81	1762631	SP	São Paulo	São Paulo (capital e regiäes metropolitanas)-409	609	Cartão de crédito - Visa	1298	148	1446	0	2	0	1298	0		pla-1009687	18	0
1745363	MadeiraMadeira	3	mobile	81	1597249	RS	Arroio do Meio	Rio Grande do Sul (interiorII)-448	601	Cartão de crédito - Visa	342.9	29.07	510.27	-138.3	1	423.23	342.9	423.23	VT1546733	""	6	0
1746819	MadeiraMadeira	3	desktop	81	336413	BA	Salvador	Bahia (capital e regiäes metropolitanas)-393	601	Cartão de crédito - Visa	59.9	29.59	89.49	0	1	0	59.9	0		direto	10	0
1747788	MadeiraMadeira	3	desktop	81	1042990	SC	São José	Santa Catarina (capital e regiäes metropolitanas)-407	608	Cartão de crédito - Visa	359.97	60.5	420.47	0	3	0	359.97	0		Mailhub-54440	13	0
1749337	MadeiraMadeira	3	mobile	81	1765465	SP	Embu das Artes	São Paulo (capital e regiäes metropolitanas)-409	609	Cartão de crédito - Mastercard	849	140	989	0	1	0	849	0		direto	18	0
1749901	MadeiraMadeira	3	desktop	81	1641896	RJ	Resende	Rio de Janeiro (interior)-397	0	Boleto	899	199	1098	0	1	0	899	0		direto	18	0
1750347	MadeiraMadeira	3	mobile	81	124536	SP	São Paulo	São Paulo (capital e regiäes metropolitanas)-409	601	Cartão de crédito - Mastercard	59.9	19.72	79.62	0	1	0	59.9	0		Mailhub-54442	10	0
1750603	MadeiraMadeira	3	mobile	81	992652	PR	Foz do Iguaçu	Paraná  (interior)-360	606	Cartão de crédito - Mastercard	499	60.5	559.5	0	1	0	499	0		""	13	0
1757856	MadeiraMadeira	3	mobile	81	542635	SC	Florianópolis	Santa Catarina (capital e regiäes metropolitanas)-407	601	Cartão de crédito - Mastercard	144.8	33.8	178.6	0	2	0	144.8	0		Mailhub-54443	10	0
1757914	MadeiraMadeira	3	mobile	81	542635	SC	Florianópolis	Santa Catarina (capital e regiäes metropolitanas)-407	601	Cartão de crédito - Mastercard	144.8	33.8	178.6	0	2	0	144.8	0		Mailhub-54443	10	0
1759251	MadeiraMadeira	3	desktop	81	418616	RJ	Campos dos Goytacazes	Rio de Janeiro (interior)-397	609	Cartão de crédito - Mastercard	799	199	998	0	1	0	799	0		direto	18	0
1759507	MadeiraMadeira	3	desktop	81	67962	RJ	Rio de Janeiro	Rio de Janeiro (capital e regiäes metropolitanas)-396	609	Cartão de crédito - Amex	171.8	46.56	218.36	0	2	0	171.8	0		Mailhub-54617	5	0
1761006	MadeiraMadeira	3	desktop	81	1769841	SP	Votorantim	São Paulo (interior)-410	0	Boleto	1499	269	1768	0	1	0	1499	0		direto	9	0
1761009	MadeiraMadeira	3	desktop	81	426182	SP	São Paulo	São Paulo (capital e regiäes metropolitanas)-409	601	Cartão de crédito - Visa	29.9	17.95	47.85	0	1	0	29.9	0		direto	10	0
1762118	MadeiraMadeira	3	mobile	81	1710830	SP	São Paulo	São Paulo (capital e regiäes metropolitanas)-409	607	Cartão de crédito - Mastercard	799	89	888	0	1	0	799	0		direto	18	0
1763380	MadeiraMadeira	3	desktop	81	1465466	SP	São Paulo	São Paulo (capital e regiäes metropolitanas)-409	609	Cartão de crédito - Mastercard	59.9	19.72	79.62	0	2	0	908.9	0		Mailhub-54443	10	0
1763645	MadeiraMadeira	3	desktop	81	1773838	SP	Caçapava	São Paulo (interior)-410	0	Boleto	899	119	1018	0	1	0	899	0		pla-75035	9	0
1763658	MadeiraMadeira	3	desktop	81	1449949	MG	Pará de Minas	Minas Gerais (interior II)-439	606	Cartão de crédito - Mastercard	899	199	1098	0	1	0	899	0		direto	18	0
1763668	MadeiraMadeira	3	desktop	81	1773851	MG	Uberaba	Minas Gerais (interior)-364	602	Cartão de crédito - Visa	299.8	69.85	369.65	0	2	0	299.8	0		pla-281834	5	0
1763927	MadeiraMadeira	3	desktop	81	1773990	SP	São Paulo	São Paulo (capital e regiäes metropolitanas)-409	604	Cartão de crédito - Mastercard	1399	49.9	1448.9	0	1	0	1399	0		pla-204987	9	0
1764084	MadeiraMadeira	3	mobile	81	1774107	SP	São Paulo	São Paulo (capital e regiäes metropolitanas)-409	609	Cartão de crédito - Elo	849	89	938	0	1	0	849	0		pla-279818	18	0
1766012	MadeiraMadeira	3	desktop	81	1775272	MG	Governador Valadares	Minas Gerais (interior)-364	0	Boleto	254.7	72.42	327.12	0	3	0	254.7	0		direto	7	0
1768899	MadeiraMadeira	3	desktop	81	1142976	SP	São Paulo	São Paulo (capital e regiäes metropolitanas)-409	609	Cartão de crédito - Mastercard	849	89	938	0	1	0	849	0		direto	18	0
1769239	MadeiraMadeira	3	desktop	81	1777351	SP	Guarulhos	São Paulo (capital e regiäes metropolitanas)-409	609	Cartão de crédito - Mastercard	849	109	958	0	1	0	849	0		direto	18	0
1770053	MadeiraMadeira	3	desktop	81	1777901	SP	São Paulo	São Paulo (capital e regiäes metropolitanas)-409	0	Boleto	899	89	988	0	1	0	899	0		pla-1008983	18	0
1770500	MadeiraMadeira	3	desktop	81	82164	SP	São Paulo	São Paulo (capital e regiäes metropolitanas)-409	602	Cartão de crédito - Visa	119.9	22.93	142.83	0	1	0	119.9	0		pla-191686	5	0
1771358	MadeiraMadeira	3	desktop	81	1778681	SP	Taboão da Serra	São Paulo (capital e regiäes metropolitanas)-409	609	Cartão de crédito - Visa	899	109	1008	0	1	0	899	0		pla-1008977	18	0
1771583	MadeiraMadeira	3	desktop	81	1771585	SC	Chapecó	Santa Catarina (interior)-408	605	Cartão de crédito - Visa	479.96	60.5	540.46	0	4	0	479.96	0		pla-172240	13	0
1771830	MadeiraMadeira	3	desktop	81	354870	SP	Adamantina	São Paulo (capital e regiäes metropolitanas)-409	609	Cartão de crédito - Visa	1349	148	1497	0	1	0	1349	0		j008	18	0
1771914	MadeiraMadeira	3	mobile	81	456079	SP	São Paulo	São Paulo (capital e regiäes metropolitanas)-409	602	Cartão de crédito - Mastercard	119.9	20.16	140.06	0	1	0	119.9	0		pla-257229	7	0
1773397	MadeiraMadeira	3	desktop	81	1779950	MG	Belo Horizonte	Minas Gerais (capital e regiäes metropolitanas)-374	609	Cartão de crédito - Elo	849	179	1028	0	1	0	849	0		pla-1000222	18	0
1774703	MadeiraMadeira	3	mobile	81	1780718	RJ	Rio de Janeiro	Rio de Janeiro (capital e regiäes metropolitanas)-396	609	Cartão de crédito - Visa	899	149	1048	0	1	0	899	0		direto	18	0
1775746	MadeiraMadeira	3	mobile	81	1781348	SP	São Paulo	São Paulo (capital e regiäes metropolitanas)-409	609	Cartão de crédito - Mastercard	899	89	988	0	1	0	899	0		pla-1009015	18	0
1776270	MadeiraMadeira	3	desktop	81	1781645	SP	Diadema	São Paulo (capital e regiäes metropolitanas)-409	609	Cartão de crédito - Visa	849	109	958	0	1	0	849	0		14172174072	18	0
1776564	MadeiraMadeira	3	desktop	81	1766727	SP	São Paulo	São Paulo (capital e regiäes metropolitanas)-409	609	Cartão de crédito - Mastercard	899	89	988	0	1	0	899	0		""	18	0
1777044	MadeiraMadeira	3	desktop	81	1782114	SP	São Paulo	São Paulo (capital e regiäes metropolitanas)-409	603	Cartão de crédito - Mastercard	1349	89	1438	0	1	0	1349	0		direto	18	0
1778103	MadeiraMadeira	3	mobile	81	1782609	ES	Cariacica	Esp¡rito Santo (interior)-381	0	Boleto	359.97	88.99	448.96	0	3	0	359.97	0		F034	13	0
1778793	MadeiraMadeira	3	mobile	81	1783171	SP	São Paulo	São Paulo (capital e regiäes metropolitanas)-409	0	Boleto	799	89	888	0	1	0	799	0		pla-1009007	18	0
1778865	MadeiraMadeira	3	desktop	81	1783193	RJ	Rio de Janeiro	Rio de Janeiro (capital e regiäes metropolitanas)-396	601	Cartão de crédito - Mastercard	849	149	998	0	1	0	849	0		pla-1008989	18	0
1780228	MadeiraMadeira	3	mobile	81	1770146	PR	Curitiba	Paraná  (capital e regiäes metropolitanas)-359	601	Cartão de crédito - Mastercard	349.9	43.93	393.83	0	1	0	349.9	0		ta08	5	0
1780459	MadeiraMadeira	3	desktop	81	1767741	SP	São Paulo	São Paulo (capital e regiäes metropolitanas)-409	605	Cartão de crédito - Mastercard	719.94	89.99	809.93	0	7	0	1618.94	0		""	13	0
1780517	MadeiraMadeira	3	desktop	81	3633	RJ	Rio de Janeiro	Rio de Janeiro (capital e regiäes metropolitanas)-396	601	Cartão de crédito - Mastercard	89.9	27.08	742.36	-625.38	1	661.4	89.9	661.4	VT1738436	direto	5	0
1781909	MadeiraMadeira	3	mobile	81	173128	RJ	São Gonçalo	Rio de Janeiro (capital e regiäes metropolitanas)-396	609	Cartão de crédito - Mastercard	849	179	1028	0	1	0	849	0		pla-281972	18	0
1783097	MadeiraMadeira	3	desktop	81	1659825	PR	Londrina	Paraná  (interior)-360	609	Cartão de crédito - Visa	169.9	31.93	201.83	0	1	0	169.9	0		zanox	7	0
1784162	MadeiraMadeira	3	desktop	81	950939	SP	São Carlos	São Paulo (interior)-410	0	Boleto	339.98	89.99	429.97	0	1	0	339.98	0		criteo-192466	13	0
1785149	MadeiraMadeira	3	mobile	81	1785642	SP	Jacareí	São Paulo (interior)-410	609	Cartão de crédito - Mastercard	799	140	939	0	1	0	799	0		facebookdpa-205004	18	0
1785837	MadeiraMadeira	3	desktop	81	1783225	SC	Palhoça	Santa Catarina (capital e regiäes metropolitanas)-407	609	Cartão de crédito - Visa	119.99	60.5	180.49	0	1	0	119.99	0		direto	13	0
1785895	MadeiraMadeira	3	desktop	81	1787101	SP	Santana de Parnaíba	São Paulo (capital e regiäes metropolitanas)-409	602	Cartão de crédito - Mastercard	111.6	20.16	131.76	0	4	0	111.6	0		direto	7	0
1786068	MadeiraMadeira	3	desktop	81	1786948	SP	sao paulo	São Paulo (capital e regiäes metropolitanas)-409	0	Boleto	849	89	938	0	1	0	849	0		pr01	18	0
1786781	MadeiraMadeira	3	mobile	81	1784939	RJ	São Gonçalo	Rio de Janeiro (capital e regiäes metropolitanas)-396	606	Cartão de crédito - Visa	899	179	1078	0	1	0	899	0		direto	18	0
1787407	MadeiraMadeira	3	desktop	81	505669	RJ	Rio de Janeiro	Rio de Janeiro (capital e regiäes metropolitanas)-396	610	Cartão de crédito - Mastercard	649	149	798	0	1	0	649	0		direto	18	0
1788224	MadeiraMadeira	3	mobile	81	1789078	SP	São Paulo	São Paulo (capital e regiäes metropolitanas)-409	609	Cartão de crédito - Mastercard	899	49.9	948.9	0	1	0	899	0		pla-1008977	9	0
1788358	MadeiraMadeira	3	mobile	81	1615603	SP	Taboão da Serra	São Paulo (capital e regiäes metropolitanas)-409	609	Cartão de crédito - Mastercard	799	109	908	0	1	0	799	0		Mailhub-54698	18	0
1788875	MadeiraMadeira	3	desktop	81	1789473	SP	São Paulo	São Paulo (capital e regiäes metropolitanas)-409	609	Cartão de crédito - Mastercard	849	89	938	0	1	0	849	0		dra-157949	18	0
1789557	MadeiraMadeira	3	mobile	81	1762943	PR	Curitiba	Paraná  (capital e regiäes metropolitanas)-359	601	Cartão de crédito - Mastercard	479.96	60.5	540.46	0	4	0	479.96	0		direto	13	0
1789709	MadeiraMadeira	3	desktop	81	1789940	SP	São Paulo	São Paulo (capital e regiäes metropolitanas)-409	0	Boleto	1349	148	1497	0	1	0	1349	0		20091554952	18	0
1789765	MadeiraMadeira	3	mobile	81	1778361	RJ	Rio de Janeiro	Rio de Janeiro (capital e regiäes metropolitanas)-396	601	Cartão de crédito - Visa	899	149	1048	0	1	0	899	0		pla-175281	18	0
1789905	MadeiraMadeira	3	mobile	81	927300	SP	Sorocaba	São Paulo (interior)-410	609	Cartão de crédito - Mastercard	799	199	998	0	1	0	799	0		pla-223430	18	0
1790270	MadeiraMadeira	3	desktop	81	1724761	SP	Praia Grande	São Paulo (interior)-410	601	Cartão de crédito - Mastercard	29.9	21.25	645.54	-594.39	1	610.18	29.9	610.18	VT1682714	F034	10	0
1790788	MadeiraMadeira	3	desktop	81	1741598	PR	Curitiba	Paraná  (capital e regiäes metropolitanas)-359	0	Boleto	119.99	60.5	180.49	0	1	0	119.99	0		jg04	13	0
1791189	MadeiraMadeira	3	desktop	81	1790802	MG	Ribeirão das Neves	Minas Gerais (capital e regiäes metropolitanas)-374	601	Cartão de crédito - Mastercard	649	199	848	0	1	0	649	0		direto	18	0
1791471	MadeiraMadeira	3	desktop	81	1738986	SP	Presidente Prudente	São Paulo (interior)-410	609	Cartão de crédito - Mastercard	59.8	25.22	85.02	0	2	0	59.8	0		ta08	10	0
1791502	MadeiraMadeira	3	mobile	81	1790943	RJ	Cachoeiras de Macacu	Rio de Janeiro (interior II)-445	601	Cartão de crédito - Visa	99.9	24.14	124.04	0	1	0	99.9	0		facebookdpa-278851	7	0
1792135	MadeiraMadeira	3	mobile	81	1759066	SC	Criciúma	Santa Catarina (interior)-408	603	Cartão de crédito - Mastercard	169.9	19.64	189.54	0	1	0	169.9	0		direto	7	0
1792753	MadeiraMadeira	3	mobile	81	1791739	SP	São Paulo	São Paulo (capital e regiäes metropolitanas)-409	603	Cartão de crédito - Mastercard	899	89	988	0	1	0	899	0		pla-194853	18	0
1794859	MadeiraMadeira	3	desktop	81	1785573	SP	Piracicaba	São Paulo (interior)-410	609	Cartão de crédito - Visa	899	160	1059	0	1	0	899	0		direto	18	0
1794960	MadeiraMadeira	3	desktop	81	1727613	SP	Embu das Artes	São Paulo (capital e regiäes metropolitanas)-409	605	Cartão de crédito - Mastercard	899	140	1039	0	1	0	899	0		direto	18	0
1795517	MadeiraMadeira	3	desktop	81	1539954	RS	Glorinha	Rio Grande do Sul (capital e regiäes metropolitanas)-401	606	Cartão de crédito - Mastercard	119.99	60.5	180.49	0	1	0	119.99	0		""	13	0
1795968	MadeiraMadeira	3	mobile	81	1793570	RJ	Rio de Janeiro	Rio de Janeiro (capital e regiäes metropolitanas)-396	0	Boleto	799	149	948	0	1	0	799	0		pla-1009007	18	0
1797374	MadeiraMadeira	3	desktop	81	1791231	RJ	Petrópolis	Rio de Janeiro (capital e regiäes metropolitanas)-396	609	Cartão de crédito - Mastercard	799	199	998	0	1	0	799	0		direto	18	0
1798423	MadeiraMadeira	3	mobile	81	638481	SP	São Paulo	São Paulo (capital e regiäes metropolitanas)-409	609	Cartão de crédito - Visa	899	89	988	0	1	0	899	0		pla-179346	18	0
1798714	MadeiraMadeira	3	desktop	81	1795249	SP	São João da Boa Vista	São Paulo (interior II) -411	602	Cartão de crédito - Elo	104.9	20.16	125.06	0	1	0	104.9	0		zanox	7	0
1799749	MadeiraMadeira	3	desktop	81	1795888	RS	Uruguaiana	Rio Grande do Sul (interiorII)-448	603	Cartão de crédito - Hipercard	21.9	20.05	41.95	0	2	0	191.8	0		pla-243038	5	0
1800304	MadeiraMadeira	3	mobile	81	1775461	RJ	Itaboraí	Rio de Janeiro (capital e regiäes metropolitanas II)-444	601	Cartão de crédito - Mastercard	1349	278	1627	0	1	0	1349	0		pla-217779	18	0
1801588	MadeiraMadeira	3	mobile	81	1777710	RJ	Rio de Janeiro	Rio de Janeiro (capital e regiäes metropolitanas)-396	609	Cartão de crédito - Mastercard	649	149	798	0	1	0	649	0		pla-281776	18	0
1801869	MadeiraMadeira	3	mobile	81	1797002	PR	Londrina	Paraná  (interior)-360	609	Cartão de crédito - Mastercard	719.94	60.5	780.44	0	6	0	719.94	0		direto	13	0
1802168	MadeiraMadeira	3	desktop	81	1770146	PR	Curitiba	Paraná  (capital e regiäes metropolitanas)-359	601	Cartão de crédito - Mastercard	139	25.9	164.9	0	1	0	139	0		ta08	25	0
1802187	MadeiraMadeira	3	desktop	81	1797449	RJ	Rio de Janeiro	Rio de Janeiro (capital e regiäes metropolitanas)-396	603	Cartão de crédito - Visa	163.6	96.56	260.16	0	4	0	163.6	0		direto	7	0
1803751	MadeiraMadeira	3	desktop	81	1798608	RJ	Rio de Janeiro	Rio de Janeiro (capital e regiäes metropolitanas)-396	609	Cartão de crédito - Mastercard	899	149	1048	0	1	0	899	0		""	18	0
1803841	MadeiraMadeira	3	mobile	81	1798659	RJ	Rio de Janeiro	Rio de Janeiro (capital e regiäes metropolitanas)-396	603	Cartão de crédito - Mastercard	899	149	1048	0	1	0	899	0		rtbhouse-174976	18	0
1803867	MadeiraMadeira	3	mobile	81	1798486	RJ	Campos dos Goytacazes	Rio de Janeiro (interior)-397	609	Cartão de crédito - Mastercard	849	199	1048	0	1	0	849	0		pla-269342	18	0
1803977	MadeiraMadeira	3	mobile	81	1798735	RJ	São João de Meriti	Rio de Janeiro (capital e regiäes metropolitanas)-396	610	Cartão de crédito - Mastercard	899	49.9	948.9	106.92	1	0	899	0		pla-1000222	9	106.92
1804203	MadeiraMadeira	3	mobile	81	1798894	PR	Curitiba	Paraná  (capital e regiäes metropolitanas)-359	602	Cartão de crédito - Mastercard	59.9	20.16	80.06	0	1	0	59.9	0		facebookdpa-283955	7	0
1804250	MadeiraMadeira	3	desktop	81	1798905	RJ	São João de Meriti	Rio de Janeiro (capital e regiäes metropolitanas)-396	609	Cartão de crédito - Mastercard	649	179	828	0	1	0	649	0		pla-1008977	18	0
1804798	MadeiraMadeira	3	desktop	81	1524217	RJ	Rio de Janeiro	Rio de Janeiro (capital e regiäes metropolitanas)-396	605	Cartão de crédito - Visa	849	149	998	0	1	0	849	0		pla-210344	18	0
1804800	MadeiraMadeira	3	mobile	81	1100811	RJ	Rio de Janeiro	Rio de Janeiro (capital e regiäes metropolitanas)-396	0	Boleto	649	149	798	0	1	0	649	0		direto	18	0
1805073	MadeiraMadeira	3	desktop	81	1799336	RS	Porto Alegre	Rio Grande do Sul (capital e regiäes metropolitanas)-401	604	Cartão de crédito - Hipercard	169.9	31.93	201.83	0	1	0	169.9	0		bing-77446877231084	7	0
1805732	MadeiraMadeira	3	desktop	81	1799850	BA	Lauro de Freitas	Bahia (capital e regiäes metropolitanas II)-430	603	Cartão de crédito - Mastercard	169.92	68.4	238.32	0	1	0	169.92	0		direto	7	0
1806018	MadeiraMadeira	3	desktop	81	1799843	SP	Taboão da Serra	São Paulo (capital e regiäes metropolitanas)-409	609	Cartão de crédito - Mastercard	899	49.9	948.9	0	1	0	899	0		20091554952	9	0
1806171	MadeiraMadeira	3	mobile	81	1762768	BA	Salvador	Bahia (capital e regiäes metropolitanas)-393	609	Cartão de crédito - Visa	229	37.9	266.9	0	1	0	229	0		f023	25	0
1806366	MadeiraMadeira	3	desktop	81	1571192	RS	Triunfo	Rio Grande do Sul (interiorII)-448	609	Cartão de crédito - Visa	479.96	60.5	540.46	0	4	0	479.96	0		direto	13	0
1806610	MadeiraMadeira	3	desktop	81	1359943	PR	Curitiba	Paraná  (capital e regiäes metropolitanas)-359	609	Cartão de crédito - Mastercard	45.8	20.16	65.96	0	15	0	1545.68	0		direto	7	0
1807080	MadeiraMadeira	3	desktop	81	1013001	PR	Curitiba	Paraná  (capital e regiäes metropolitanas)-359	601	Cartão de crédito - Mastercard	60	22.93	82.93	0	1	0	60	0		rtbhouse-167467	42	0
1807411	MadeiraMadeira	3	mobile	81	1770972	MG	Pouso Alegre	Minas Gerais (interior II)-439	0	Boleto	599.95	92.29	692.24	0	5	0	599.95	0		pla-214147	13	0
1807553	MadeiraMadeira	3	desktop	81	1681634	RS	Passo Fundo	Rio Grande do Sul (interior)-402	601	Cartão de crédito - Visa	69.9	20.16	296.76	-206.7	1	206.7	69.9	206.7	VTI8743	VTI8743	7	0
1807556	MadeiraMadeira	3	desktop	81	1256986	RJ	São João de Meriti	Rio de Janeiro (capital e regiäes metropolitanas)-396	605	Cartão de crédito - Mastercard	849	179	1028	0	1	0	849	0		direto	18	0
1807920	MadeiraMadeira	3	mobile	81	1770972	MG	Pouso Alegre	Minas Gerais (interior II)-439	0	Boleto	599.95	92.29	692.24	0	5	0	599.95	0		direto	13	0
1808142	MadeiraMadeira	3	desktop	81	1801328	RS	Alegrete	Rio Grande do Sul (interiorII)-448	603	Cartão de crédito - Hipercard	156.8	40.32	197.12	0	2	0	156.8	0		rtbhouse-262835	7	0
1808301	MadeiraMadeira	3	desktop	81	1532727	MG	São Francisco	Minas Gerais (interior II)-439	609	Cartão de crédito - Mastercard	1399	219	1618	0	1	0	1399	0		facebookdpa-186454	9	0
1809073	MadeiraMadeira	3	desktop	81	1738096	SP	São Paulo	São Paulo (capital e regiäes metropolitanas)-409	607	Cartão de crédito - Mastercard	649	89	738	0	1	0	649	0		rtbhouse-192095	18	0
1810055	MadeiraMadeira	3	mobile	81	1802448	RJ	Macaé	Rio de Janeiro (interior)-397	606	Cartão de crédito - Visa	1399	299	1698	0	1	0	1399	0		direto	18	0
1810291	MadeiraMadeira	3	desktop	81	1682762	RS	Novo Hamburgo	Rio Grande do Sul (capital e regiäes metropolitanas)-401	609	Cartão de crédito - Mastercard	479.96	60.5	540.46	0	4	50.73	479.96	0	PFCALL2	AL01	13	0
1810338	MadeiraMadeira	3	desktop	81	1802580	MG	Belo Horizonte	Minas Gerais (capital e regiäes metropolitanas)-374	609	Cartão de crédito - Mastercard	899	179	1078	0	1	0	899	0		pla-250819	18	0
1811325	MadeiraMadeira	3	desktop	81	1803194	RJ	Rio de Janeiro	Rio de Janeiro (capital e regiäes metropolitanas)-396	601	Cartão de crédito - Visa	899	149	1048	0	1	0	899	0		pla-1008986	18	0
1811687	MadeiraMadeira	3	mobile	81	1803235	MG	Contagem	Minas Gerais (capital e regiäes metropolitanas)-374	607	Cartão de crédito - Mastercard	1349	199	1548	0	1	0	1349	0		direto	18	0
1811757	MadeiraMadeira	3	desktop	81	1803439	SP	São Paulo	São Paulo (capital e regiäes metropolitanas)-409	609	Cartão de crédito - Mastercard	1349	148	1497	0	1	0	1349	0		pla-1008984	18	0
1813202	MadeiraMadeira	3	desktop	81	1353513	MG	Belo Horizonte	Minas Gerais (capital e regiäes metropolitanas)-374	601	Cartão de crédito - Visa	799	179	978	0	1	0	799	0		pla-276525	18	0
1814405	MadeiraMadeira	3	mobile	81	1546036	SP	São Paulo	São Paulo (capital e regiäes metropolitanas)-409	609	Cartão de crédito - Visa	899	89	988	0	1	0	899	0		direto	18	0
1814798	MadeiraMadeira	3	desktop	81	1805284	SP	Santana de Parnaíba	São Paulo (capital e regiäes metropolitanas)-409	609	Cartão de crédito - Mastercard	849	109	958	0	1	0	849	0		direto	18	0
1814935	MadeiraMadeira	3	desktop	81	487850	RS	Viamão	Rio Grande do Sul (capital e regiäes metropolitanas)-401	0	Boleto	47.97	13.21	61.18	0	3	0	47.97	0		direto	42	0
1815053	MadeiraMadeira	3	desktop	81	1805432	SC	São José	Santa Catarina (capital e regiäes metropolitanas)-407	0	Boleto	119.99	60.5	180.49	0	1	0	119.99	0		direto	13	0
1816181	MadeiraMadeira	3	mobile	81	1144504	RJ	Rio de Janeiro	Rio de Janeiro (capital e regiäes metropolitanas)-396	609	Cartão de crédito - Mastercard	899	149	1048	0	1	0	899	0		pla-1009059	18	0
1816285	MadeiraMadeira	3	mobile	81	1806165	RJ	Duque de Caxias	Rio de Janeiro (capital e regiäes metropolitanas)-396	609	Cartão de crédito - Mastercard	799	179	978	0	1	0	799	0		pla-223429	18	0
1816299	MadeiraMadeira	3	mobile	81	1806152	SP	São Paulo	São Paulo (capital e regiäes metropolitanas)-409	605	Cartão de crédito - Visa	899	89	988	0	1	0	899	0		pla-1009059	18	0
1816583	MadeiraMadeira	3	mobile	81	1805960	MG	Belo Horizonte	Minas Gerais (capital e regiäes metropolitanas)-374	609	Cartão de crédito - Visa	899	179	1078	0	1	0	899	0		criteo-207261	18	0
1816737	MadeiraMadeira	3	desktop	81	1806432	RJ	Rio de Janeiro	Rio de Janeiro (capital e regiäes metropolitanas)-396	601	Cartão de crédito - Amex	799	149	948	0	1	0	799	0		pla-1008990	18	0
1817633	MadeiraMadeira	3	desktop	81	1623838	SP	São Paulo	São Paulo (capital e regiäes metropolitanas)-409	609	Cartão de crédito - Mastercard	849	89	938	0	1	0	849	0		pla-1008977	18	0
1817818	MadeiraMadeira	3	desktop	81	1807022	RS	Canela	Rio Grande do Sul (interiorII)-448	609	Cartão de crédito - Mastercard	959.6	127.72	1087.32	0	4	0	959.6	0		pla-265370	7	0
1818008	MadeiraMadeira	3	mobile	81	1807126	PR	Foz do Iguaçu	Paraná  (interior)-360	0	Boleto	150.8	41.3	192.1	0	2	0	150.8	0		facebookdpa-220461	5	0
1818890	MadeiraMadeira	1	mobile	0	1803911	SP	São Paulo	São Paulo (capital e regiäes metropolitanas)-409	609	Cartão de crédito - Mastercard	849	89	938	0	1	0	849	0		pla-1008991	18	0
1819018	MadeiraMadeira	3	desktop	81	1800845	SP	São Paulo	São Paulo (capital e regiäes metropolitanas)-409	606	Cartão de crédito - Visa	569	89	658	0	1	0	569	0		AL01	18	0
1819490	MadeiraMadeira	3	desktop	81	1807992	RJ	Armação dos Búzios	Rio de Janeiro (interior II)-445	603	Cartão de crédito - Mastercard	849	199	1048	0	1	0	849	0		f031	18	0
1819710	MadeiraMadeira	3	desktop	81	1807955	RJ	Rio de Janeiro	Rio de Janeiro (capital e regiäes metropolitanas)-396	607	Cartão de crédito - Visa	899	49.9	948.9	0	1	0	899	0		direto	9	0
1820585	MadeiraMadeira	3	mobile	81	1690897	SP	Itapevi	São Paulo (capital e regiäes metropolitanas)-409	609	Cartão de crédito - Visa	849	140	989	0	1	0	849	0		pla-192139	18	0
1820917	MadeiraMadeira	3	mobile	81	1808819	PR	Toledo	Paraná  (interior II)-442	601	Cartão de crédito - Mastercard	59.8	25.22	85.02	0	2	0	59.8	0		pla-175277	10	0
1820943	MadeiraMadeira	3	mobile	81	1715561	MA	São Luís	Maranhão (capital e regiäes metropolitanas)-389	0	Boleto	29.9	60.41	90.31	0	3	0	499.7	0		dra-196318	5	0
1821095	MadeiraMadeira	1	desktop	0	715913	SP	São Paulo	São Paulo (capital e regiäes metropolitanas)-409	0	Boleto	649	89	738	0	1	0	649	0		pla-1009688	18	0
1821101	MadeiraMadeira	3	mobile	81	1766749	RS	Porto Alegre	Rio Grande do Sul (capital e regiäes metropolitanas)-401	601	Cartão de crédito - Mastercard	49.99	13.21	63.2	0	1	0	49.99	0		direto	42	0
1821183	MadeiraMadeira	1	mobile	0	1803911	SP	São Paulo	São Paulo (capital e regiäes metropolitanas)-409	602	Cartão de crédito - Mastercard	849	89	938	0	1	0	849	0		pla-1008991	18	0
1822222	MadeiraMadeira	3	desktop	81	1809598	RJ	Rio de Janeiro	Rio de Janeiro (capital e regiäes metropolitanas)-396	0	Boleto	899	149	1048	0	1	0	899	0		pla-1008986	18	0
1822530	MadeiraMadeira	1	mobile	0	1809762	SP	São Paulo	São Paulo (capital e regiäes metropolitanas)-409	609	Cartão de crédito - Mastercard	899	89	988	0	1	0	899	0		pla-1008977	18	0
1823075	MadeiraMadeira	3	mobile	81	1810124	SP	São Bernardo do Campo	São Paulo (capital e regiäes metropolitanas)-409	609	Cartão de crédito - Visa	799	109	908	0	1	0	799	0		direto	18	0
1823317	MadeiraMadeira	3	mobile	81	1809861	SP	São Paulo	São Paulo (capital e regiäes metropolitanas)-409	609	Cartão de crédito - Mastercard	899	89	988	0	1	0	899	0		pla-250318	18	0
1823386	MadeiraMadeira	3	desktop	81	1802197	SP	São Paulo	São Paulo (capital e regiäes metropolitanas)-409	0	Boleto	899	89	988	0	1	0	899	0		F029	18	0
1823494	MadeiraMadeira	3	desktop	81	1772180	SP	Bragança Paulista	São Paulo (interior)-410	609	Cartão de crédito - Elo	899	160	1059	0	1	0	899	0		direto	18	0
1823552	MadeiraMadeira	3	mobile	81	1808501	RJ	Rio de Janeiro	Rio de Janeiro (capital e regiäes metropolitanas)-396	609	Cartão de crédito - Mastercard	899	149	1048	0	1	0	899	0		pla-1009015	18	0
1823803	MadeiraMadeira	3	desktop	81	1810553	SC	Florianópolis	Santa Catarina (capital e regiäes metropolitanas)-407	601	Cartão de crédito - Mastercard	119.99	60.5	180.49	0	1	0	119.99	0		dra-170297	13	0
1824306	MadeiraMadeira	3	desktop	81	1810792	RJ	Rio de Janeiro	Rio de Janeiro (capital e regiäes metropolitanas)-396	609	Cartão de crédito - Mastercard	649	149	798	0	1	0	649	0		pla-1009688	18	0
1825019	MadeiraMadeira	3	desktop	81	255717	PR	São José dos Pinhais	Paraná  (capital e regiäes metropolitanas)-359	0	Boleto	49.8	25.22	75.02	0	2	13.97	49.8	0	O23KJ	j008	10	0
1825202	MadeiraMadeira	1	mobile	0	1811073	SP	Taubaté	São Paulo (interior)-410	604	Cartão de crédito - Mastercard	849	140	989	0	1	0	849	0		dra-192095	18	0
1825602	MadeiraMadeira	3	mobile	81	1790281	SP	São Paulo	São Paulo (capital e regiäes metropolitanas)-409	609	Cartão de crédito - Mastercard	799	89	888	0	1	0	799	0		pla-1008990	18	0
1826107	MadeiraMadeira	3	desktop	81	1811874	MG	Belo Horizonte	Minas Gerais (capital e regiäes metropolitanas)-374	603	Cartão de crédito - Elo	144.98	50.36	195.34	0	2	0	144.98	0		direto	42	0
1826261	MadeiraMadeira	3	desktop	81	1811942	RJ	Tanguá	Rio de Janeiro (capital e regiäes metropolitanas II)-444	612	Cartão de crédito - Mastercard	899	49.9	948.9	127.17	1	0	899	0		dra-259537	9	127.17
1827049	MadeiraMadeira	3	desktop	81	1812353	SP	Guarulhos	São Paulo (capital e regiäes metropolitanas)-409	606	Cartão de crédito - Visa	849	109	958	0	1	0	849	0		direto	18	0
1827105	MadeiraMadeira	1	desktop	0	1812377	BA	Lauro de Freitas	Bahia (capital e regiäes metropolitanas II)-430	0	Boleto	17.99	1152	1169.99	0	1	0	17.99	0		bing-77446877231084	9	0
1827113	MadeiraMadeira	1	desktop	0	1812400	SP	São Paulo	São Paulo (capital e regiäes metropolitanas)-409	0	Boleto	17.99	49.9	67.89	0	1	0	17.99	0		direto	9	0
1827153	MadeiraMadeira	1	desktop	0	1607636	SP	São Paulo	São Paulo (capital e regiäes metropolitanas)-409	0	Boleto	17.99	49.9	67.88	0.01	1	0	17.99	0		direto	9	0
1827621	MadeiraMadeira	3	desktop	81	1812655	SP	Americana	São Paulo (interior)-410	603	Cartão de crédito - Mastercard	112.8	40.32	153.12	0	2	0	112.8	0		facebookdpa-280505	7	0
1828708	MadeiraMadeira	3	desktop	81	1813192	RJ	Rio de Janeiro	Rio de Janeiro (capital e regiäes metropolitanas)-396	609	Cartão de crédito - Mastercard	569	149	718	0	1	0	569	0		pla-1008977	18	0
1828775	MadeiraMadeira	3	desktop	81	1784301	MG	Belo Horizonte	Minas Gerais (capital e regiäes metropolitanas)-374	603	Cartão de crédito - Mastercard	49.9	24.14	74.04	0	1	0	49.9	0		rtbhouse-253120	7	0
1828988	MadeiraMadeira	3	desktop	81	1813347	SP	São Paulo	São Paulo (capital e regiäes metropolitanas)-409	609	Cartão de crédito - Mastercard	1298	148	1446	0	2	0	1298	0		direto	18	0
1829708	MadeiraMadeira	3	mobile	81	1806990	SP	Cotia	São Paulo (capital e regiäes metropolitanas)-409	609	Cartão de crédito - Mastercard	569	109	678	0	1	0	569	0		direto	18	0
1830551	MadeiraMadeira	3	mobile	81	907396	RS	Passo Fundo	Rio Grande do Sul (interior)-402	609	Cartão de crédito - Mastercard	219.9	31.93	251.83	0	1	0	219.9	0		pla-147104	7	0
1830604	MadeiraMadeira	1	desktop	0	1814314	RJ	Rio de Janeiro	Rio de Janeiro (capital e regiäes metropolitanas)-396	0	Boleto	1349	149	1498	0	1	0	1349	0		pla-1009019	18	0
1831186	MadeiraMadeira	3	desktop	81	1814687	SC	Jaraguá do Sul	Santa Catarina (interior)-408	609	Cartão de crédito - Visa	29.9	16.04	45.94	0	1	0	29.9	0		jg04	10	0
1831558	MadeiraMadeira	1	desktop	0	1693578	SP	Guarulhos	São Paulo (capital e regiäes metropolitanas)-409	0	Boleto	199.99	26.43	226.42	0	1	0	199.99	0		dra-279831	42	0
1831585	MadeiraMadeira	3	mobile	81	1814919	SP	Carapicuíba	São Paulo (capital e regiäes metropolitanas)-409	609	Cartão de crédito - Visa	799	109	908	0	1	0	799	0		pla-207262	18	0
1831645	MadeiraMadeira	3	desktop	81	1814843	SP	Guarulhos	São Paulo (capital e regiäes metropolitanas)-409	0	Boleto	1798	198	1996	0	2	0	1798	0		direto	18	0
1832098	MadeiraMadeira	3	desktop	81	1815210	RJ	Queimados	Rio de Janeiro (capital e regiäes metropolitanas II)-444	609	Cartão de crédito - Mastercard	699	179	878	0	1	0	699	0		pla-1009688	18	0
1832238	MadeiraMadeira	1	mobile	0	1813387	SP	São Bernardo do Campo	São Paulo (capital e regiäes metropolitanas)-409	0	Boleto	999	109	1108	0	1	0	999	0		direto	18	0
1832308	MadeiraMadeira	3	desktop	81	1815268	SP	Guarulhos	São Paulo (capital e regiäes metropolitanas)-409	609	Cartão de crédito - Visa	899	109	1008	0	1	0	899	0		direto	18	0
1833752	MadeiraMadeira	3	desktop	81	1816092	RJ	Cabo Frio	Rio de Janeiro (interior)-397	609	Cartão de crédito - Mastercard	969.7	78.56	1048.26	0	3	0	969.7	0		pla-216545	6	0
1834457	MadeiraMadeira	3	mobile	81	1483005	SP	São Paulo	São Paulo (capital e regiäes metropolitanas)-409	604	Cartão de crédito - Mastercard	169.9	31.93	201.83	0	1	0	169.9	0		direto	7	0
1834983	MadeiraMadeira	1	mobile	0	1816763	RJ	Angra dos Reis	Rio de Janeiro (capital e regiäes metropolitanas)-396	0	Boleto	1998	299	2297	0	2	0	1998	0		pla-242974	18	0
1835922	MadeiraMadeira	1	mobile	0	1817329	SP	São Paulo	São Paulo (capital e regiäes metropolitanas)-409	0	Boleto	849	89	938	0	1	0	849	0		pla-279092	18	0
1836075	MadeiraMadeira	1	desktop	0	1814314	RJ	Rio de Janeiro	Rio de Janeiro (capital e regiäes metropolitanas)-396	0	Boleto	1349	149	1498	0	1	0	1349	0		pla-1009019	18	0
1836271	MadeiraMadeira	3	desktop	81	1817597	SP	Ribeirão Preto	São Paulo (interior)-410	604	Cartão de crédito - Mastercard	169.9	31.93	201.83	0	1	0	169.9	0		facebookdpa-198079	7	0
1837302	MadeiraMadeira	2	desktop	0	1818186	SP	São Paulo	São Paulo (capital e regiäes metropolitanas)-409	609	Cartão de crédito - Mastercard	899	89	988	0	1	0	899	0		direto	18	0
1837405	MadeiraMadeira	3	mobile	81	1818247	SP	Itapecerica da Serra	São Paulo (capital e regiäes metropolitanas)-409	603	Cartão de crédito - Visa	799	140	939	0	1	0	799	0		pla-1008989	18	0
1837591	MadeiraMadeira	3	mobile	81	1796467	SP	Osasco	São Paulo (capital e regiäes metropolitanas)-409	609	Cartão de crédito - Mastercard	1499	49.9	1548.9	0	1	0	1499	0		direto	9	0
1837645	MadeiraMadeira	3	desktop	81	1817943	SC	Florianópolis	Santa Catarina (capital e regiäes metropolitanas)-407	609	Cartão de crédito - Mastercard	39.9	14.52	54.42	0	1	0	39.9	0		direto	7	0
1839032	MadeiraMadeira	3	mobile	81	1819264	SP	São Paulo	São Paulo (capital e regiäes metropolitanas)-409	608	Cartão de crédito - Mastercard	1349	89	1438	0	1	0	1349	0		pla-1008977	18	0
1839364	MadeiraMadeira	3	desktop	81	760474	RJ	Rio de Janeiro	Rio de Janeiro (capital e regiäes metropolitanas)-396	603	Cartão de crédito - Mastercard	699	149	848	0	1	0	699	0		pla-1009694	18	0
1840053	MadeiraMadeira	3	mobile	81	154294	RJ	Rio de Janeiro	Rio de Janeiro (capital e regiäes metropolitanas)-396	0	Boleto	899	149	1048	0	1	0	899	0		direto	18	0
1840264	MadeiraMadeira	3	desktop	81	150679	SC	Navegantes	Santa Catarina (capital e regiäes metropolitanas II)-449	602	Cartão de crédito - Visa	289.9	16.9	306.8	0	1	0	289.9	0		direto	6	0
1843140	MadeiraMadeira	1	desktop	0	1821874	ES	Serra	Esp¡rito Santo (interior)-381	0	Boleto	89.97	38.4	128.37	0	3	0	89.97	0		direto	42	0
1844152	MadeiraMadeira	3	desktop	81	1800307	SP	São Paulo	São Paulo (capital e regiäes metropolitanas)-409	602	Cartão de crédito - Mastercard	849	89	938	0	1	0	849	0		20091555432	18	0
1845318	MadeiraMadeira	3	mobile	81	1822982	SP	São Paulo	São Paulo (capital e regiäes metropolitanas)-409	601	Cartão de crédito - Visa	569	89	658	0	1	0	569	0		pla-242734	18	0
1845637	MadeiraMadeira	3	desktop	81	1797839	SP	Sorocaba	São Paulo (interior)-410	609	Cartão de crédito - Visa	629.9	29.07	658.97	0	1	0	629.9	0		pla-157958	6	0
1847632	MadeiraMadeira	1	mobile	0	1824645	RJ	Macaé	Rio de Janeiro (interior)-397	601	Cartão de crédito - Amex	899	199	1098	0	1	0	899	0		direto	18	0
1847694	MadeiraMadeira	3	desktop	81	1824686	RJ	Rio de Janeiro	Rio de Janeiro (capital e regiäes metropolitanas)-396	0	Boleto	849	149	998	0	1	0	849	0		direto	18	0
1849411	MadeiraMadeira	3	desktop	81	1768998	SP	São Paulo	São Paulo (capital e regiäes metropolitanas)-409	604	Cartão de crédito - Visa	119.9	20.16	140.06	0	1	0	119.9	0		direto	7	0
1849456	MadeiraMadeira	3	desktop	81	1825287	MG	Belo Horizonte	Minas Gerais (capital e regiäes metropolitanas)-374	609	Cartão de crédito - Visa	699	179	878	0	1	0	699	0		criteo-207258	18	0
1850014	MadeiraMadeira	2	desktop	0	1826027	RJ	São João da Barra	Rio de Janeiro (interior II)-445	610	Cartão de crédito - Mastercard	1599	219	1818	0	1	0	1599	0		20091554952	9	0
1850074	MadeiraMadeira	3	desktop	81	1825987	SP	São Paulo	São Paulo (capital e regiäes metropolitanas)-409	604	Cartão de crédito - Mastercard	169.9	31.93	201.83	0	1	0	169.9	0		direto	7	0
1850280	MadeiraMadeira	3	desktop	81	1825089	DF	Brasília	Distrito Federal (capital e regiäes metropolitanas)-376	609	Cartão de crédito - Elo	119.99	93.39	213.38	0	1	0	119.99	0		AL01	13	0
1850949	MadeiraMadeira	1	mobile	0	785303	MG	Vespasiano	Minas Gerais (capital e regiäes metropolitanas)-374	609	Cartão de crédito - Mastercard	899	199	1098	0	1	0	899	0		direto	18	0
1851749	MadeiraMadeira	3	desktop	81	1726376	SP	São Paulo	São Paulo (capital e regiäes metropolitanas)-409	0	Boleto	569	89	658	0	1	0	569	0		pla-1009689	18	0
1852268	MadeiraMadeira	3	mobile	81	1827215	SP	Osasco	São Paulo (capital e regiäes metropolitanas)-409	609	Cartão de crédito - Visa	1349	109	1458	0	1	0	1349	0		facebookdpa-223428	18	0
1853131	MadeiraMadeira	1	mobile	0	1827765	SP	Campinas	São Paulo (interior)-410	0	Boleto	399.9	31.93	431.83	0	1	0	399.9	0		direto	7	0
1853590	MadeiraMadeira	3	desktop	81	1827765	SP	Campinas	São Paulo (interior)-410	603	Cartão de crédito - Mastercard	399.9	31.93	431.83	0	1	0	399.9	0		direto	7	0
1854456	MadeiraMadeira	3	desktop	81	1816977	SP	São Bernardo do Campo	São Paulo (capital e regiäes metropolitanas)-409	0	Boleto	699	109	808	0	1	0	699	0		pla-145614	18	0
1854535	MadeiraMadeira	3	desktop	81	1821369	SP	Pederneiras	São Paulo (interior II) -411	604	Cartão de crédito - Elo	999	199	1198	0	1	0	999	0		rtbhouse-207260	18	0
1855227	MadeiraMadeira	1	desktop	0	1829028	SP	São Paulo	São Paulo (capital e regiäes metropolitanas)-409	0	Boleto	699	89	788	0	1	0	699	0		rtbhouse-192095	18	0
1855803	MadeiraMadeira	2	desktop	0	1829340	ES	Serra	Esp¡rito Santo (interior)-381	601	Cartão de crédito - Mastercard	299.49	69.41	368.9	0	1	0	299.49	0		direto	49	0
1857068	MadeiraMadeira	3	desktop	81	1830055	SP	São Paulo	São Paulo (capital e regiäes metropolitanas)-409	601	Cartão de crédito - Mastercard	429.49	15.26	444.75	0	1	0	429.49	0		direto	49	0
1857374	MadeiraMadeira	3	desktop	81	1830246	SP	São Paulo	São Paulo (capital e regiäes metropolitanas)-409	0	Boleto	999	89	1088	0	1	0	999	0		direto	18	0
1857386	MadeiraMadeira	3	desktop	81	1830170	RJ	Rio de Janeiro	Rio de Janeiro (capital e regiäes metropolitanas)-396	612	Cartão de crédito - Visa	569	149	718	96.23	1	0	569	0		dra-201983	18	96.23
1857400	MadeiraMadeira	3	mobile	81	1814182	RJ	Rio de Janeiro	Rio de Janeiro (capital e regiäes metropolitanas)-396	0	Boleto	999	149	1148	0	1	0	999	0		direto	18	0
1857406	MadeiraMadeira	3	desktop	81	1830249	SP	Novo Horizonte	São Paulo (interior II) -411	601	Cartão de crédito - Mastercard	239.98	89.99	329.97	0	2	0	239.98	0		direto	13	0
1858604	MadeiraMadeira	3	desktop	81	1830201	RJ	Rio de Janeiro	Rio de Janeiro (capital e regiäes metropolitanas)-396	601	Cartão de crédito - Amex	83.4	15.47	98.87	0	6	0	83.4	0		direto	36	0
1858690	MadeiraMadeira	1	mobile	0	1831051	RJ	Rio de Janeiro	Rio de Janeiro (capital e regiäes metropolitanas)-396	0	Boleto	799	149	948	0	1	0	799	0		pla-1008990	18	0
1859229	MadeiraMadeira	3	desktop	81	1831384	SP	São Paulo	São Paulo (capital e regiäes metropolitanas)-409	0	Boleto	699	89	788	0	1	0	699	0		pla-1009688	18	0
1859589	MadeiraMadeira	1	desktop	0	1829631	SP	Jacareí	São Paulo (interior)-410	601	Cartão de crédito - Visa	23.99	22.93	46.92	0	1	0	23.99	0		direto	42	0
1859725	MadeiraMadeira	1	desktop	0	1829631	SP	Jacareí	São Paulo (interior)-410	601	Cartão de crédito - Visa	23.99	22.93	46.92	0	1	0	23.99	0		direto	42	0
1860067	MadeiraMadeira	1	desktop	0	1831893	SP	Mogi Guaçu	São Paulo (interior II) -411	601	Cartão de crédito - Mastercard	259.9	29.9	289.79	0.01	1	0	259.9	0		direto	25	0
1860494	MadeiraMadeira	1	mobile	0	1813387	SP	São Bernardo do Campo	São Paulo (capital e regiäes metropolitanas)-409	0	Boleto	999	109	1108	0	1	0	999	0		direto	18	0
1861604	MadeiraMadeira	3	desktop	81	1813387	SP	São Bernardo do Campo	São Paulo (capital e regiäes metropolitanas)-409	601	Cartão de crédito - Amex	999	109	1108	0	1	0	999	0		direto	18	0
1863459	MadeiraMadeira	3	desktop	81	1831493	RS	São Borja	Rio Grande do Sul (interiorII)-448	604	Cartão de crédito - Visa	85.9	21.25	107.15	0	1	0	85.9	0		f031	5	0
1863558	MadeiraMadeira	2	desktop	0	1833843	SP	São Paulo	São Paulo (capital e regiäes metropolitanas)-409	606	Cartão de crédito - Visa	699	89	788	0	1	0	699	0		direto	18	0
1864094	MadeiraMadeira	1	desktop	0	186204	PR	Curitiba	Paraná  (capital e regiäes metropolitanas)-359	0	Boleto	899	459	1358	0	1	0	899	0		direto	9	0
1864846	MadeiraMadeira	1	mobile	0	1801826	SP	Mairiporã	São Paulo (capital e regiäes metropolitanas)-409	0	Boleto	139.9	19.72	159.62	0	1	0	139.9	0		direto	10	0
1865246	MadeiraMadeira	1	mobile	0	1442719	SP	Catanduva	São Paulo (interior)-410	602	Cartão de crédito - Visa	999	180	1179	0	1	0	999	0		criteo-195262	18	0
1866279	MadeiraMadeira	3	mobile	81	1835387	PR	Guaratuba	Paraná  (capital e regiäes metropolitanas II)-441	609	Cartão de crédito - Mastercard	499	60.5	559.5	0	1	0	499	0		direto	13	0
1866522	MadeiraMadeira	1	mobile	0	1675004	AC	Rio Branco	Acre (capital e regiäes metropolitanas)-417	604	Cartão de crédito - Visa	499.8	84.86	584.66	0	2	0	499.8	0		direto	25	0
1867280	MadeiraMadeira	3	desktop	81	1824483	SP	Salto	São Paulo (interior)-410	0	Boleto	107.6	80.64	188.24	0	4	0	107.6	0		direto	7	0
1868019	MadeiraMadeira	3	desktop	81	1836420	PR	Curitiba	Paraná  (capital e regiäes metropolitanas)-359	608	Cartão de crédito - Visa	99.9	20.16	120.06	0	2	0	537.29	0		direto	7	0
1868429	MadeiraMadeira	3	desktop	81	1809935	PR	Curitiba	Paraná  (capital e regiäes metropolitanas)-359	604	Cartão de crédito - Mastercard	119.99	60.5	180.49	0	1	0	119.99	0		""	13	0
1868956	MadeiraMadeira	3	mobile	81	1776897	SP	Campinas	São Paulo (interior)-410	609	Cartão de crédito - Mastercard	104.9	20.16	125.06	0	1	71.93	104.9	0	pfcall2	f023	7	0
1870116	MadeiraMadeira	3	desktop	81	1837639	RS	Canoas	Rio Grande do Sul (capital e regiäes metropolitanas)-401	607	Cartão de crédito - Hipercard	319	31.93	350.93	0	1	0	319	0		pla-239078	7	0
1870550	MadeiraMadeira	3	desktop	81	1837879	RJ	Rio de Janeiro	Rio de Janeiro (capital e regiäes metropolitanas)-396	602	Cartão de crédito - Visa	799	149	948	0	1	0	799	0		pla-1008990	18	0
1871214	MadeiraMadeira	1	mobile	0	1838207	RJ	Rio de Janeiro	Rio de Janeiro (capital e regiäes metropolitanas)-396	0	Boleto	699	149	848	0	1	0	699	0		facebookdpa-221588	18	0
1871368	MadeiraMadeira	3	desktop	81	1608709	RS	São Leopoldo	Rio Grande do Sul (capital e regiäes metropolitanas)-401	0	Boleto	59.8	25.22	85.02	0	2	0	59.8	0		dra-173807	10	0
1871630	MadeiraMadeira	3	desktop	81	1838380	ES	Vitória	Esp¡rito Santo (capital e regiäes metropolitanas)-382	603	Cartão de crédito - Visa	51.96	56.6	108.56	0	4	0	51.96	0		pla-217254	42	0
1871981	MadeiraMadeira	3	desktop	81	1838653	RJ	Rio de Janeiro	Rio de Janeiro (capital e regiäes metropolitanas)-396	602	Cartão de crédito - Mastercard	799	149	948	0	1	0	799	0		direto	18	0
1872698	MadeiraMadeira	1	mobile	0	1835161	MG	Vespasiano	Minas Gerais (capital e regiäes metropolitanas)-374	601	Cartão de crédito - Mastercard	219.9	36.69	256.59	0	1	0	219.9	0		direto	7	0
1873152	MadeiraMadeira	3	mobile	81	1839410	SP	São Paulo	São Paulo (capital e regiäes metropolitanas)-409	603	Cartão de crédito - Mastercard	899	89	988	0	1	0	899	0		facebookdpa-273344	18	0
1873156	MadeiraMadeira	1	mobile	0	1839420	SP	São Paulo	São Paulo (capital e regiäes metropolitanas)-409	0	Boleto	1598	148	1746	0	2	0	1598	0		pla-183399	18	0
1873282	MadeiraMadeira	3	mobile	81	1835161	MG	Vespasiano	Minas Gerais (capital e regiäes metropolitanas)-374	601	Cartão de crédito - Mastercard	219.9	36.69	256.59	0	1	0	219.9	0		direto	7	0
1874055	MadeiraMadeira	3	mobile	81	1839888	MT	Rondonópolis	Mato Grosso (interior)-384	601	Cartão de crédito - Mastercard	219.9	68.4	288.3	0	1	0	219.9	0		direto	7	0
1874459	MadeiraMadeira	1	desktop	0	1840028	PI	Teresina	Piaui (capital e regiäes metropolitanas)-394	601	Cartão de crédito - Mastercard	204.24	42.43	246.67	0	1	0	204.24	0		direto	19	0
1874583	MadeiraMadeira	1	desktop	0	1829036	MG	Contagem	Minas Gerais (capital e regiäes metropolitanas)-374	605	Cartão de crédito - Mastercard	849	199	1048	0	1	0	849	0		F029	18	0
1874701	MadeiraMadeira	3	desktop	81	1840301	RJ	Volta Redonda	Rio de Janeiro (interior)-397	0	Boleto	699	199	898	0	1	0	699	0		pla-266209	18	0
1874987	MadeiraMadeira	1	desktop	0	1827214	SP	São Paulo	São Paulo (capital e regiäes metropolitanas)-409	0	Boleto	649	89	738	0	1	0	649	0		F029	18	0
1875367	MadeiraMadeira	1	mobile	0	1840636	RJ	Rio de Janeiro	Rio de Janeiro (capital e regiäes metropolitanas)-396	609	Cartão de crédito - Mastercard	569	149	718	0	1	0	569	0		pla-162781	18	0
1875522	MadeiraMadeira	3	desktop	81	1840705	SP	São Paulo	São Paulo (capital e regiäes metropolitanas)-409	607	Cartão de crédito - Mastercard	699	89	788	0	1	0	699	0		pla-1009688	18	0
1875707	MadeiraMadeira	3	desktop	81	1840834	SC	Joinville	Santa Catarina (interior)-408	0	Boleto	779.94	60.5	840.44	0	1	0	779.94	0		dra-201082	13	0
1875945	MadeiraMadeira	3	desktop	81	1402808	MA	Sambaíba	Maranhão (interior)-379	609	Cartão de crédito - Visa	418	161.86	579.86	0	2	0	418	0		ta08	25	0
1876325	MadeiraMadeira	3	desktop	81	1841152	MG	Brasilândia de Minas	Minas Gerais (interior II)-439	603	Cartão de crédito - Visa	239.8	48.28	288.08	0	2	0	239.8	0		pla-284704	7	0
1877390	MadeiraMadeira	3	desktop	81	1841746	PR	Abatiá	Paraná  (interior)-360	603	Cartão de crédito - Visa	146.9	21.25	168.15	0	1	0	146.9	0		dra-167467	39	0
1877396	MadeiraMadeira	3	desktop	81	1617003	SP	Barueri	São Paulo (capital e regiäes metropolitanas)-409	612	Cartão de crédito - Mastercard	1298	198	1496	200.49	2	0	1298	0		direto	18	200.49
1877896	MadeiraMadeira	3	mobile	81	1822384	SP	Paulínia	São Paulo (interior)-410	604	Cartão de crédito - Visa	999	160	1159	0	1	0	999	0		criteo-192111	18	0
1878716	MadeiraMadeira	1	mobile	0	1831916	SP	São Paulo	São Paulo (capital e regiäes metropolitanas)-409	609	Cartão de crédito - Visa	1398	148	1546	0	2	0	1398	0		rtbhouse-207261	18	0
1879270	MadeiraMadeira	1	mobile	0	1842837	SP	São Paulo	São Paulo (capital e regiäes metropolitanas)-409	612	Cartão de crédito - Mastercard	2599	99	2698	0	1	0	2599	0		direto	9	0
1879700	MadeiraMadeira	3	mobile	81	1773017	SP	São Paulo	São Paulo (capital e regiäes metropolitanas)-409	605	Cartão de crédito - Visa	119.99	89.99	209.98	0	1	0	119.99	0		pla-195128	13	0
1880522	MadeiraMadeira	3	mobile	81	1840636	RJ	Rio de Janeiro	Rio de Janeiro (capital e regiäes metropolitanas)-396	609	Cartão de crédito - Visa	569	149	718	0	1	0	569	0		direto	18	0
1880674	MadeiraMadeira	1	desktop	0	1843777	AC	Rio Branco	Acre (capital e regiäes metropolitanas)-417	602	Cartão de crédito - Mastercard	289.9	42.43	332.33	0	1	0	289.9	0		direto	6	0
1880854	MadeiraMadeira	3	mobile	81	1324605	SP	São Paulo	São Paulo (capital e regiäes metropolitanas)-409	609	Cartão de crédito - Mastercard	999	89	1088	0	1	0	999	0		post_29_11_homehome	18	0
1881196	MadeiraMadeira	1	desktop	0	1843777	AC	Rio Branco	Acre (capital e regiäes metropolitanas)-417	601	Cartão de crédito - Visa	289.9	42.43	332.32	0.01	1	0	289.9	0		""	6	0
1881558	MadeiraMadeira	2	desktop	0	1843777	AC	Rio Branco	Acre (capital e regiäes metropolitanas)-417	601	Cartão de crédito - Mastercard	289.9	42.43	332.32	0.01	1	0	289.9	0		""	6	0
1882756	MadeiraMadeira	3	desktop	81	1845054	RJ	Rio de Janeiro	Rio de Janeiro (capital e regiäes metropolitanas)-396	609	Cartão de crédito - Mastercard	799	149	948	0	1	0	799	0		pla-1008990	18	0
1882812	MadeiraMadeira	3	mobile	81	1823065	SP	Itaquaquecetuba	São Paulo (capital e regiäes metropolitanas)-409	609	Cartão de crédito - Mastercard	1399	49.9	1448.9	0	1	0	1399	0		pla-217779	9	0
1883020	MadeiraMadeira	3	mobile	81	1773731	RS	Porto Alegre	Rio Grande do Sul (capital e regiäes metropolitanas)-401	602	Cartão de crédito - Mastercard	499	60.5	559.5	0	1	0	499	0		direto	13	0
1883212	MadeiraMadeira	1	desktop	0	1489261	SP	São Paulo	São Paulo (capital e regiäes metropolitanas)-409	601	Cartão de crédito - Mastercard	999	89	1088	0	1	0	999	0		f023	18	0
1883259	MadeiraMadeira	3	desktop	81	1845112	SP	São Paulo	São Paulo (capital e regiäes metropolitanas)-409	609	Cartão de crédito - Mastercard	699	89	788	0	1	0	699	0		pla-169472	18	0
1883568	MadeiraMadeira	3	mobile	81	1845574	RJ	Rio de Janeiro	Rio de Janeiro (capital e regiäes metropolitanas)-396	609	Cartão de crédito - Visa	999	149	1148	0	1	0	999	0		pla-217779	18	0
1884046	MadeiraMadeira	3	mobile	81	1844770	SP	São Paulo	São Paulo (capital e regiäes metropolitanas)-409	609	Cartão de crédito - Visa	999	89	1088	0	1	0	999	0		pla-192098	18	0
1884102	MadeiraMadeira	1	mobile	0	1715414	SP	Praia Grande	São Paulo (interior)-410	606	Cartão de crédito - Mastercard	899	150	1049	0	1	0	899	0		dra-279832	18	0
1884478	MadeiraMadeira	1	mobile	0	1715414	SP	Praia Grande	São Paulo (interior)-410	605	Cartão de crédito - Mastercard	899	150	1049	0	1	0	899	0		""	18	0
1884552	MadeiraMadeira	3	mobile	81	1846270	SP	São Paulo	São Paulo (capital e regiäes metropolitanas)-409	609	Cartão de crédito - Mastercard	899	89	988	0	1	0	899	0		direto	18	0
1884840	MadeiraMadeira	2	desktop	0	1846447	SP	Itupeva	São Paulo (interior II) -411	601	Cartão de crédito - Visa	234.9	29.07	263.97	0	1	0	234.9	0		direto	10	0
1886105	MadeiraMadeira	1	desktop	0	1847251	SP	Santos	São Paulo (interior)-410	602	Cartão de crédito - Mastercard	167.9	25.22	193.12	0	1	0	167.9	0		direto	39	0
1886217	MadeiraMadeira	3	desktop	81	1847251	SP	Santos	São Paulo (interior)-410	602	Cartão de crédito - Mastercard	167.9	25.22	193.12	0	1	0	167.9	0		direto	39	0
1886583	MadeiraMadeira	3	desktop	81	1846840	DF	Brasília	Distrito Federal (capital e regiäes metropolitanas)-376	608	Cartão de crédito - Visa	165.96	113.8	279.76	0	4	0	165.96	0		zanox	42	0
1886700	MadeiraMadeira	3	mobile	81	1843773	SP	Campinas	São Paulo (interior)-410	605	Cartão de crédito - Visa	899	160	1059	0	1	0	899	0		facebookdpa-207262	18	0
1886957	MadeiraMadeira	3	desktop	81	189677	SP	São Paulo	São Paulo (capital e regiäes metropolitanas)-409	601	Cartão de crédito - Visa	29.99	18.23	48.22	0	1	0	29.99	0		pla-233915	42	0
1887248	MadeiraMadeira	3	mobile	81	1847948	SP	Carapicuíba	São Paulo (capital e regiäes metropolitanas)-409	609	Cartão de crédito - Visa	25.9	16.75	42.65	0	1	0	25.9	0		pla-217784	39	0
1887436	MadeiraMadeira	3	mobile	81	1813593	RJ	Barra do Piraí	Rio de Janeiro (interior II)-445	609	Cartão de crédito - Mastercard	1499	219	1718	0	1	0	1499	0		ta08	9	0
1889975	MadeiraMadeira	3	desktop	81	1849635	RJ	Rio de Janeiro	Rio de Janeiro (capital e regiäes metropolitanas)-396	612	Cartão de crédito - Mastercard	649	149	798	106.95	1	0	649	0		pla-1008990	18	106.95
1889991	MadeiraMadeira	1	desktop	0	1849611	BA	Salvador	Bahia (capital e regiäes metropolitanas)-393	601	Cartão de crédito - Visa	429.49	63.78	493.27	0	1	0	429.49	0		direto	49	0
1893475	MadeiraMadeira	3	desktop	81	1829522	SC	Florianópolis	Santa Catarina (capital e regiäes metropolitanas)-407	601	Cartão de crédito - Visa	89.9	16.9	106.8	0	1	0	89.9	0		""	5	0
1893627	MadeiraMadeira	1	desktop	0	1851734	BA	Conceição do Jacuípe	Bahia (capital e regiäes metropolitanas II)-430	612	Cartão de crédito - Visa	29000	80	29080	3897.26	1	0	29000	0		direto	94	3897.26
1893875	MadeiraMadeira	1	mobile	0	1166574	BA	Salvador	Bahia (capital e regiäes metropolitanas)-393	0	Boleto	756.2	135.19	891.39	0	4	0	756.2	0		direto	13	0
1894007	MadeiraMadeira	3	mobile	81	1718099	DF	Brasília	Distrito Federal (capital e regiäes metropolitanas)-376	0	Boleto	219.9	52.67	272.57	0	1	0	219.9	0		direto	7	0
1895660	MadeiraMadeira	3	desktop	81	1827480	SP	São Paulo	São Paulo (capital e regiäes metropolitanas)-409	608	Cartão de crédito - Mastercard	89.8	40.32	130.12	0	2	0	89.8	0		direto	7	0
1895913	MadeiraMadeira	3	desktop	81	1850561	RJ	Cabo Frio	Rio de Janeiro (interior II)-445	604	Cartão de crédito - Amex	29.9	24.27	54.17	0	8	0	403.2	0		TA06	5	0
1896720	MadeiraMadeira	1	desktop	0	1851517	SP	Adamantina	São Paulo (capital e regiäes metropolitanas)-409	0	Boleto	699	89	788	0	1	0	699	0		direto	18	0
1897107	MadeiraMadeira	3	desktop	81	1113207	SP	São Paulo	São Paulo (capital e regiäes metropolitanas)-409	601	Cartão de crédito - Visa	119.9	20.16	900.97	-760.91	1	756.65	119.9	756.65	VT1855766	PB01	7	0
1897896	MadeiraMadeira	3	desktop	81	1854214	MT	Campo Novo do Parecis	Mato Grosso (interior II)-436	609	Cartão de crédito - Visa	54.99	56.9	111.89	0	1	0	54.99	0		direto	42	0
1899466	MadeiraMadeira	1	desktop	0	1839825	SC	Rio do Sul	Santa Catarina (interior II)-427	0	Boleto	139.9	1.99	141.89	0	1	0	139.9	0		direto	116	0
1900636	MadeiraMadeira	3	desktop	81	1824626	RJ	Arraial do Cabo	Rio de Janeiro (interior II)-445	609	Cartão de crédito - Mastercard	699	199	898	0	1	0	699	0		Mailhub-56985	18	0
1901617	MadeiraMadeira	1	desktop	0	1856308	RJ	São João de Meriti	Rio de Janeiro (capital e regiäes metropolitanas)-396	612	Cartão de crédito - Mastercard	1449	278	1727	231.45	1	0	1449	0		direto	18	231.45
1901987	MadeiraMadeira	1	mobile	0	1856556	AL	Maceió	Alagoas (capital e regiäes metropolitanas)-369	601	Cartão de crédito - Visa	280	48.47	328.47	0	1	0	280	0		direto	19	0
1902721	MadeiraMadeira	1	mobile	0	1846727	SP	Araçatuba	São Paulo (interior)-410	0	Boleto	54.99	22.93	77.92	0	1	0	54.99	0		direto	42	0
1903118	MadeiraMadeira	3	desktop	81	1857078	SP	São Paulo	São Paulo (capital e regiäes metropolitanas)-409	609	Cartão de crédito - Mastercard	679.96	89.99	769.95	0	2	0	679.96	0		direto	13	0
1903157	MadeiraMadeira	1	mobile	0	1857205	RJ	Rio de Janeiro	Rio de Janeiro (capital e regiäes metropolitanas)-396	0	Boleto	699	149	848	0	1	0	699	0		facebookdpa-207262	18	0
1903349	MadeiraMadeira	3	desktop	81	1857350	MA	Imperatriz	Maranhão (interior)-379	608	Cartão de crédito - Visa	429.49	135.92	565.41	0	1	0	429.49	0		direto	49	0
1903580	MadeiraMadeira	3	mobile	81	1275721	SP	São Paulo	São Paulo (capital e regiäes metropolitanas)-409	0	Boleto	639	49.9	688.9	0	1	0	639	0		pla-191903	9	0
1904102	MadeiraMadeira	3	desktop	81	1857768	PR	Arapoti	Paraná  (interior II)-442	608	Cartão de crédito - Visa	199.9	25.22	225.12	0	1	0	199.9	0		direto	10	0
1904237	MadeiraMadeira	1	desktop	0	1848531	PR	Curitiba	Paraná  (capital e regiäes metropolitanas)-359	0	Boleto	59.9	19.72	79.62	0	2	0	309.8	0		direto	10	0
1904841	MadeiraMadeira	3	desktop	81	1826798	SP	São Paulo	São Paulo (capital e regiäes metropolitanas)-409	601	Cartão de crédito - Mastercard	129	21.9	150.9	0	1	0	129	0		direto	25	0
1905206	MadeiraMadeira	1	mobile	0	1858490	SP	Carapicuíba	São Paulo (capital e regiäes metropolitanas)-409	0	Boleto	125.8	19.72	145.52	0	2	0	125.8	0		facebook_08_05_chat	39	0
1905533	MadeiraMadeira	3	desktop	81	1858611	SP	São Paulo	São Paulo (capital e regiäes metropolitanas)-409	606	Cartão de crédito - Visa	999	89	1088	0	1	0	999	0		pla-1009059	18	0
1905794	MadeiraMadeira	3	mobile	81	1853450	SP	Diadema	São Paulo (capital e regiäes metropolitanas)-409	609	Cartão de crédito - Visa	1349	109	1458	0	1	0	1349	0		pla-169245	18	0
1906100	MadeiraMadeira	1	mobile	0	1859048	MG	Belo Horizonte	Minas Gerais (capital e regiäes metropolitanas)-374	0	Boleto	999	179	1178	0	1	0	999	0		pla-191904	18	0
1906561	MadeiraMadeira	3	desktop	81	1859312	RJ	Rio de Janeiro	Rio de Janeiro (capital e regiäes metropolitanas)-396	610	Cartão de crédito - Visa	198.9	25.9	224.8	25.33	1	0	198.9	0		direto	29	25.33
1906707	MadeiraMadeira	3	desktop	81	1859387	RJ	Macaé	Rio de Janeiro (interior)-397	601	Cartão de crédito - Mastercard	59.9	24.14	84.04	0	1	0	59.9	0		direto	7	0
1906927	MadeiraMadeira	1	desktop	0	1859063	MG	Jacutinga	Minas Gerais (interior II)-439	604	Cartão de crédito - Mastercard	169	44.9	213.9	0	1	0	169	0		pla-185358	25	0
1907055	MadeiraMadeira	2	desktop	0	1859592	RJ	Seropédica	Rio de Janeiro (capital e regiäes metropolitanas II)-444	607	Cartão de crédito - Visa	299.49	69.41	368.9	0	1	0	299.49	0		direto	49	0
1908104	MadeiraMadeira	1	desktop	0	1851156	SP	São Paulo	São Paulo (capital e regiäes metropolitanas)-409	0	Boleto	569	89	658	0	1	0	569	0		pla-1009689	18	0
1908614	MadeiraMadeira	3	desktop	81	1860465	SP	São Paulo	São Paulo (capital e regiäes metropolitanas)-409	606	Cartão de crédito - Visa	309.9	31.93	341.83	0	1	0	309.9	0		direto	7	0
1909156	MadeiraMadeira	3	desktop	81	1855466	SP	Americana	São Paulo (interior)-410	609	Cartão de crédito - Mastercard	569	160	729	0	1	0	569	0		TA06	18	0
1910021	MadeiraMadeira	3	mobile	81	1861291	SP	Louveira	São Paulo (interior II) -411	609	Cartão de crédito - Mastercard	45.9	22.9	68.8	0	1	0	45.9	0		pla-174076	25	0
1910548	MadeiraMadeira	3	desktop	81	1861606	SP	São Paulo	São Paulo (capital e regiäes metropolitanas)-409	609	Cartão de crédito - Visa	849	89	938	0	1	0	849	0		pla-1008990	18	0
1911136	MadeiraMadeira	3	mobile	81	1725898	PA	Belém	Pará (capital e regiäes metropolitanas)-362	606	Cartão de crédito - Mastercard	139.9	43.4	183.3	0	1	0	139.9	0		facebookdpa-263691	25	0
